Order ID,Order Date,Customer ID,Country,Region,Category,Sub-Category,Sales,Quantity,Profit,lat,lon
ORD-00001,2024-03-16,CUS-0116,France,Europe,Groceries,Snacks,32.08,2,5.67,46.23,2.21
ORD-00002,2023-04-20,CUS-0342,Canada,North America,Groceries,Beverage,39.5,5,1.32,56.13,-106.35
ORD-00003,2024-12-17,CUS-0026,Singapore,APAC,Groceries,Beverage,65.56,4,10.52,1.35,103.82
ORD-00004,2024-08-15,CUS-0288,France,Europe,Groceries,Fresh Produce,5.0,1,-0.42,46.23,2.21
ORD-00005,2025-11-02,CUS-0326,India,APAC,Groceries,Beverage,89.04,4,7.58,20.59,78.96
ORD-00006,2025-01-15,CUS-0355,Japan,APAC,Groceries,Dairy,52.95,3,5.16,36.2,138.25
ORD-00007,2023-09-18,CUS-0346,India,APAC,Electronics,Laptop,3412.35,5,88.62,20.59,78.96
ORD-00008,2024-07-01,CUS-0272,Canada,North America,Electronics,Headphone,977.79,3,235.68,56.13,-106.35
ORD-00009,2024-08-01,CUS-0185,United Kingdom,Europe,Electronics,Laptop,696.2,2,126.46,55.38,-3.44
ORD-00010,2025-03-15,CUS-0096,Nigeria,Africa,Electronics,Camera,1638.96,4,122.39,9.08,8.68
ORD-00011,2024-08-11,CUS-0380,Japan,APAC,Electronics,Phone,1171.84,4,-64.04,36.2,138.25
ORD-00012,2024-12-07,CUS-0386,South Africa,Africa,Electronics,Headphone,386.8,2,6.7,-30.56,22.94
ORD-00013,2025-01-05,CUS-0391,South Africa,Africa,Fashion,Shoes,40.1,1,6.25,-30.56,22.94
ORD-00014,2025-08-06,CUS-0227,India,APAC,Electronics,Headphone,1526.75,5,11.25,20.59,78.96
ORD-00015,2025-03-15,CUS-0183,Brazil,LATAM,Electronics,Headphone,509.11,1,-38.66,-14.24,-51.93
ORD-00016,2024-04-16,CUS-0233,United States,North America,Groceries,Dairy,83.05,5,-4.88,37.09,-95.71
ORD-00017,2023-03-20,CUS-0396,Vietnam,APAC,Electronics,Camera,576.28,2,56.87,14.06,108.28
ORD-00018,2024-01-31,CUS-0215,Japan,APAC,Electronics,Headphone,826.48,2,64.87,36.2,138.25
ORD-00019,2024-08-02,CUS-0283,India,APAC,Home & Furniture,Table,534.45,5,37.46,20.59,78.96
ORD-00020,2024-03-17,CUS-0167,Nigeria,Africa,Groceries,Beverage,17.96,2,4.19,9.08,8.68
ORD-00021,2024-03-09,CUS-0317,Japan,APAC,Groceries,Snacks,76.7,5,25.58,36.2,138.25
ORD-00022,2025-06-27,CUS-0044,Germany,Europe,Electronics,Camera,1533.56,4,228.86,51.17,10.45
ORD-00023,2024-10-15,CUS-0020,Canada,North America,Electronics,Laptop,1889.64,3,49.95,56.13,-106.35
ORD-00024,2024-09-21,CUS-0224,Vietnam,APAC,Fashion,Accessories,84.6,2,0.27,14.06,108.28
ORD-00025,2024-11-01,CUS-0028,United States,North America,Fashion,Shirt,155.62,2,-9.77,37.09,-95.71
ORD-00026,2025-01-31,CUS-0286,United Kingdom,Europe,Home & Furniture,Lamp,133.07,1,9.25,55.38,-3.44
ORD-00027,2023-02-25,CUS-0282,Japan,APAC,Groceries,Snacks,82.8,5,28.85,36.2,138.25
ORD-00028,2023-04-22,CUS-0023,France,Europe,Electronics,Phone,1498.98,3,35.42,46.23,2.21
ORD-00029,2024-09-03,CUS-0260,Canada,North America,Home & Furniture,Chair,729.21,3,28.07,56.13,-106.35
ORD-00030,2024-01-28,CUS-0054,Singapore,APAC,Fashion,Shirt,461.05,5,82.59,1.35,103.82
ORD-00031,2024-08-23,CUS-0066,South Africa,Africa,Groceries,Fresh Produce,19.58,2,1.11,-30.56,22.94
ORD-00032,2025-01-05,CUS-0166,India,APAC,Electronics,Camera,197.16,2,62.49,20.59,78.96
ORD-00033,2023-12-30,CUS-0330,India,APAC,Electronics,Camera,156.06,3,-5.86,20.59,78.96
ORD-00034,2025-02-15,CUS-0008,Germany,Europe,Fashion,Accessories,271.75,5,-3.66,51.17,10.45
ORD-00035,2024-03-23,CUS-0277,Mexico,LATAM,Electronics,Laptop,622.84,2,131.22,23.63,-102.55
ORD-00036,2024-01-24,CUS-0073,India,APAC,Home & Furniture,Chair,268.41,1,6.6,20.59,78.96
ORD-00037,2023-08-03,CUS-0257,France,Europe,Fashion,Shirt,129.22,2,30.54,46.23,2.21
ORD-00038,2023-01-26,CUS-0014,France,Europe,Groceries,Dairy,35.66,2,3.61,46.23,2.21
ORD-00039,2024-12-22,CUS-0227,India,APAC,Groceries,Fresh Produce,15.45,1,4.65,20.59,78.96
ORD-00040,2024-12-30,CUS-0212,United Kingdom,Europe,Electronics,Camera,747.65,1,115.14,55.38,-3.44
ORD-00041,2024-10-28,CUS-0042,Japan,APAC,Electronics,Phone,881.15,5,-27.5,36.2,138.25
ORD-00042,2023-03-06,CUS-0112,United Kingdom,Europe,Fashion,Shoes,140.76,3,-12.92,55.38,-3.44
ORD-00043,2024-12-25,CUS-0229,Germany,Europe,Fashion,Accessories,127.86,3,34.44,51.17,10.45
ORD-00044,2023-11-23,CUS-0194,Brazil,LATAM,Groceries,Fresh Produce,31.29,3,-0.32,-14.24,-51.93
ORD-00045,2023-05-08,CUS-0020,Canada,North America,Electronics,Camera,845.4,1,55.93,56.13,-106.35
ORD-00046,2023-05-28,CUS-0010,Japan,APAC,Electronics,Headphone,237.98,1,57.62,36.2,138.25
ORD-00047,2023-03-09,CUS-0399,South Africa,Africa,Fashion,Shoes,248.6,4,69.32,-30.56,22.94
ORD-00048,2023-07-29,CUS-0328,Vietnam,APAC,Groceries,Snacks,19.45,1,5.73,14.06,108.28
ORD-00049,2024-05-16,CUS-0089,India,APAC,Home & Furniture,Storage,167.73,1,0.75,20.59,78.96
ORD-00050,2024-03-04,CUS-0225,Vietnam,APAC,Groceries,Fresh Produce,44.58,2,-1.66,14.06,108.28
ORD-00051,2025-02-04,CUS-0015,United States,North America,Groceries,Snacks,122.5,5,1.45,37.09,-95.71
ORD-00052,2024-10-21,CUS-0289,Germany,Europe,Home & Furniture,Storage,669.05,5,95.63,51.17,10.45
ORD-00053,2024-07-15,CUS-0157,Mexico,LATAM,Groceries,Dairy,69.39,3,11.77,23.63,-102.55
ORD-00054,2025-06-19,CUS-0148,Vietnam,APAC,Groceries,Beverage,33.36,2,5.84,14.06,108.28
ORD-00055,2023-03-14,CUS-0111,Germany,Europe,Fashion,Accessories,228.42,3,52.86,51.17,10.45
ORD-00056,2023-11-14,CUS-0296,United Kingdom,Europe,Electronics,Laptop,1156.3,5,81.74,55.38,-3.44
ORD-00057,2023-12-19,CUS-0309,Vietnam,APAC,Electronics,Laptop,57.36,2,6.68,14.06,108.28
ORD-00058,2024-02-22,CUS-0347,Vietnam,APAC,Electronics,Camera,528.71,1,132.82,14.06,108.28
ORD-00059,2024-06-19,CUS-0150,United States,North America,Home & Furniture,Storage,603.4,4,84.95,37.09,-95.71
ORD-00060,2025-06-09,CUS-0360,Japan,APAC,Electronics,Headphone,1541.05,5,107.84,36.2,138.25
ORD-00061,2024-02-28,CUS-0144,France,Europe,Fashion,Bag,192.2,2,23.77,46.23,2.21
ORD-00062,2025-05-16,CUS-0319,Japan,APAC,Fashion,Shirt,375.84,4,104.45,36.2,138.25
ORD-00063,2023-01-17,CUS-0391,South Africa,Africa,Electronics,Camera,283.47,1,73.69,-30.56,22.94
ORD-00064,2024-04-19,CUS-0067,Germany,Europe,Groceries,Snacks,10.0,2,-0.94,51.17,10.45
ORD-00065,2024-10-11,CUS-0263,India,APAC,Electronics,Headphone,1659.96,3,27.79,20.59,78.96
ORD-00066,2023-06-14,CUS-0386,South Africa,Africa,Groceries,Fresh Produce,48.0,3,14.52,-30.56,22.94
ORD-00067,2024-02-27,CUS-0128,Germany,Europe,Fashion,Shirt,62.1,1,-2.32,51.17,10.45
ORD-00068,2024-12-23,CUS-0235,France,Europe,Home & Furniture,Storage,522.1,5,100.84,46.23,2.21
ORD-00069,2024-10-17,CUS-0378,South Africa,Africa,Fashion,Bag,88.98,2,15.15,-30.56,22.94
ORD-00070,2023-02-15,CUS-0309,Vietnam,APAC,Groceries,Beverage,54.33,3,-3.22,14.06,108.28
ORD-00071,2023-10-07,CUS-0371,Mexico,LATAM,Home & Furniture,Chair,206.7,3,67.63,23.63,-102.55
ORD-00072,2023-08-31,CUS-0055,India,APAC,Groceries,Dairy,34.65,3,5.84,20.59,78.96
ORD-00073,2024-09-25,CUS-0201,United Kingdom,Europe,Home & Furniture,Table,259.82,2,27.76,55.38,-3.44
ORD-00074,2023-11-28,CUS-0291,France,Europe,Groceries,Beverage,21.24,3,4.87,46.23,2.21
ORD-00075,2024-09-03,CUS-0149,Japan,APAC,Electronics,Headphone,1205.46,3,415.22,36.2,138.25
ORD-00076,2024-02-19,CUS-0365,Canada,North America,Home & Furniture,Lamp,106.02,1,-1.41,56.13,-106.35
ORD-00077,2023-11-16,CUS-0328,Vietnam,APAC,Home & Furniture,Lamp,290.36,2,55.18,14.06,108.28
ORD-00078,2023-11-19,CUS-0014,France,Europe,Groceries,Dairy,13.43,1,1.91,46.23,2.21
ORD-00079,2024-11-30,CUS-0397,United States,North America,Home & Furniture,Chair,555.39,3,163.07,37.09,-95.71
ORD-00080,2023-02-28,CUS-0141,United States,North America,Home & Furniture,Storage,167.22,1,1.25,37.09,-95.71
ORD-00081,2023-10-26,CUS-0003,Nigeria,Africa,Electronics,Laptop,2595.25,5,894.0,9.08,8.68
ORD-00082,2023-09-16,CUS-0073,India,APAC,Groceries,Snacks,49.92,3,15.31,20.59,78.96
ORD-00083,2023-08-13,CUS-0226,Brazil,LATAM,Electronics,Headphone,1318.76,2,96.06,-14.24,-51.93
ORD-00084,2024-04-15,CUS-0241,South Africa,Africa,Home & Furniture,Lamp,563.67,3,44.14,-30.56,22.94
ORD-00085,2023-02-04,CUS-0178,Mexico,LATAM,Home & Furniture,Table,45.78,3,-1.91,23.63,-102.55
ORD-00086,2025-01-04,CUS-0137,Vietnam,APAC,Groceries,Snacks,27.74,2,2.32,14.06,108.28
ORD-00087,2024-11-14,CUS-0038,Mexico,LATAM,Fashion,Bag,25.0,5,7.7,23.63,-102.55
ORD-00088,2024-12-24,CUS-0323,France,Europe,Fashion,Accessories,284.4,4,80.42,46.23,2.21
ORD-00089,2024-11-27,CUS-0059,Brazil,LATAM,Fashion,Shirt,323.4,5,94.54,-14.24,-51.93
ORD-00090,2025-03-21,CUS-0031,Brazil,LATAM,Groceries,Beverage,50.5,5,6.48,-14.24,-51.93
ORD-00091,2023-12-09,CUS-0295,United Kingdom,Europe,Home & Furniture,Storage,253.08,2,23.92,55.38,-3.44
ORD-00092,2025-02-19,CUS-0319,Japan,APAC,Fashion,Accessories,304.96,4,10.81,36.2,138.25
ORD-00093,2025-05-14,CUS-0017,France,Europe,Fashion,Shoes,433.96,4,104.68,46.23,2.21
ORD-00094,2023-01-02,CUS-0007,United States,North America,Electronics,Headphone,653.78,2,15.12,37.09,-95.71
ORD-00095,2024-09-11,CUS-0285,India,APAC,Fashion,Shirt,145.14,3,47.59,20.59,78.96
ORD-00096,2024-08-15,CUS-0236,Vietnam,APAC,Fashion,Accessories,92.8,2,-0.38,14.06,108.28
ORD-00097,2023-06-03,CUS-0320,India,APAC,Electronics,Phone,749.24,2,181.66,20.59,78.96
ORD-00098,2024-09-02,CUS-0387,Nigeria,Africa,Electronics,Camera,741.6,4,8.45,9.08,8.68
ORD-00099,2025-02-28,CUS-0009,Brazil,LATAM,Home & Furniture,Storage,616.15,5,-41.53,-14.24,-51.93
ORD-00100,2025-04-06,CUS-0320,India,APAC,Home & Furniture,Table,206.39,1,1.84,20.59,78.96
ORD-00101,2024-07-06,CUS-0377,United States,North America,Home & Furniture,Storage,289.24,2,13.57,37.09,-95.71
ORD-00102,2023-07-22,CUS-0002,India,APAC,Electronics,Phone,1094.18,2,-26.95,20.59,78.96
ORD-00103,2024-06-23,CUS-0305,India,APAC,Fashion,Bag,81.13,1,17.77,20.59,78.96
ORD-00104,2024-07-06,CUS-0264,Singapore,APAC,Fashion,Shoes,223.48,2,26.01,1.35,103.82
ORD-00105,2023-06-15,CUS-0127,Brazil,LATAM,Electronics,Camera,1290.32,4,303.13,-14.24,-51.93
ORD-00106,2023-08-19,CUS-0221,France,Europe,Groceries,Snacks,24.69,3,-0.02,46.23,2.21
ORD-00107,2024-01-15,CUS-0207,Japan,APAC,Electronics,Headphone,2014.2,4,465.09,36.2,138.25
ORD-00108,2025-07-26,CUS-0382,Japan,APAC,Fashion,Accessories,111.72,2,38.71,36.2,138.25
ORD-00109,2023-05-02,CUS-0186,United States,North America,Home & Furniture,Chair,931.24,4,287.81,37.09,-95.71
ORD-00110,2023-10-29,CUS-0087,Singapore,APAC,Home & Furniture,Storage,138.0,1,27.35,1.35,103.82
ORD-00111,2023-05-02,CUS-0231,Japan,APAC,Home & Furniture,Chair,1098.25,5,7.32,36.2,138.25
ORD-00112,2023-06-06,CUS-0287,Vietnam,APAC,Groceries,Beverage,26.6,4,1.88,14.06,108.28
ORD-00113,2024-08-22,CUS-0107,Nigeria,Africa,Electronics,Headphone,1757.35,5,-148.7,9.08,8.68
ORD-00114,2023-10-04,CUS-0334,Japan,APAC,Home & Furniture,Chair,87.9,1,14.34,36.2,138.25
ORD-00115,2024-02-22,CUS-0012,Mexico,LATAM,Home & Furniture,Storage,488.65,5,-17.3,23.63,-102.55
ORD-00116,2023-08-04,CUS-0234,Vietnam,APAC,Fashion,Bag,81.12,2,16.04,14.06,108.28
ORD-00117,2024-07-28,CUS-0119,Japan,APAC,Home & Furniture,Lamp,648.99,3,209.88,36.2,138.25
ORD-00118,2023-02-09,CUS-0142,Japan,APAC,Electronics,Camera,279.32,1,80.97,36.2,138.25
ORD-00119,2024-01-25,CUS-0089,India,APAC,Fashion,Shirt,177.1,2,43.04,20.59,78.96
ORD-00120,2023-12-01,CUS-0279,Japan,APAC,Groceries,Snacks,35.32,4,6.16,36.2,138.25
ORD-00121,2023-07-19,CUS-0143,South Africa,Africa,Electronics,Headphone,854.3,2,206.49,-30.56,22.94
ORD-00122,2023-09-28,CUS-0265,Canada,North America,Groceries,Snacks,115.0,4,-3.79,56.13,-106.35
ORD-00123,2024-06-26,CUS-0304,United Kingdom,Europe,Electronics,Headphone,521.43,1,101.48,55.38,-3.44
ORD-00124,2023-08-04,CUS-0051,United States,North America,Groceries,Dairy,53.28,4,10.74,37.09,-95.71
ORD-00125,2023-10-19,CUS-0157,Mexico,LATAM,Groceries,Dairy,27.33,3,-1.22,23.63,-102.55
ORD-00126,2023-08-21,CUS-0108,Nigeria,Africa,Home & Furniture,Lamp,676.76,4,61.61,9.08,8.68
ORD-00127,2024-08-12,CUS-0374,Vietnam,APAC,Groceries,Beverage,15.29,1,3.93,14.06,108.28
ORD-00128,2023-08-15,CUS-0271,Mexico,LATAM,Home & Furniture,Storage,325.29,3,92.07,23.63,-102.55
ORD-00129,2023-05-22,CUS-0167,Nigeria,Africa,Home & Furniture,Chair,940.15,5,-53.52,9.08,8.68
ORD-00130,2024-03-23,CUS-0293,Mexico,LATAM,Groceries,Fresh Produce,16.61,1,5.72,23.63,-102.55
ORD-00131,2023-01-17,CUS-0291,France,Europe,Groceries,Snacks,85.04,4,19.21,46.23,2.21
ORD-00132,2024-02-07,CUS-0042,Japan,APAC,Fashion,Bag,28.56,1,0.06,36.2,138.25
ORD-00133,2023-09-09,CUS-0196,South Africa,Africa,Electronics,Phone,2681.36,4,123.21,-30.56,22.94
ORD-00134,2023-08-30,CUS-0259,Vietnam,APAC,Home & Furniture,Table,502.5,5,-10.61,14.06,108.28
ORD-00135,2023-01-01,CUS-0287,Vietnam,APAC,Groceries,Snacks,20.0,4,6.83,14.06,108.28
ORD-00136,2024-05-23,CUS-0003,Nigeria,Africa,Fashion,Shoes,157.44,2,40.08,9.08,8.68
ORD-00137,2023-10-03,CUS-0288,France,Europe,Electronics,Phone,1371.2,5,76.57,46.23,2.21
ORD-00138,2024-05-28,CUS-0249,United States,North America,Electronics,Phone,166.62,3,42.29,37.09,-95.71
ORD-00139,2025-03-12,CUS-0143,South Africa,Africa,Home & Furniture,Storage,615.42,3,157.25,-30.56,22.94
ORD-00140,2025-08-09,CUS-0014,France,Europe,Electronics,Headphone,512.5,2,138.43,46.23,2.21
ORD-00141,2024-07-28,CUS-0281,Japan,APAC,Electronics,Laptop,445.91,1,89.11,36.2,138.25
ORD-00142,2023-04-24,CUS-0392,United Kingdom,Europe,Electronics,Laptop,1555.96,4,62.73,55.38,-3.44
ORD-00143,2024-05-05,CUS-0334,Japan,APAC,Fashion,Shoes,142.55,5,35.83,36.2,138.25
ORD-00144,2024-03-31,CUS-0266,Canada,North America,Electronics,Laptop,619.89,1,-22.31,56.13,-106.35
ORD-00145,2024-09-04,CUS-0329,France,Europe,Fashion,Shoes,169.64,4,6.41,46.23,2.21
ORD-00146,2024-10-29,CUS-0308,Singapore,APAC,Fashion,Accessories,228.51,3,14.97,1.35,103.82
ORD-00147,2023-04-29,CUS-0092,South Africa,Africa,Home & Furniture,Table,1160.85,5,281.08,-30.56,22.94
ORD-00148,2023-07-18,CUS-0314,Germany,Europe,Fashion,Bag,240.75,5,79.88,51.17,10.45
ORD-00149,2023-04-20,CUS-0164,Germany,Europe,Electronics,Headphone,1551.54,3,107.29,51.17,10.45
ORD-00150,2023-09-26,CUS-0042,Japan,APAC,Electronics,Laptop,441.34,2,140.63,36.2,138.25
ORD-00151,2024-06-14,CUS-0232,Vietnam,APAC,Electronics,Camera,1215.36,3,-63.73,14.06,108.28
ORD-00152,2023-03-13,CUS-0087,Singapore,APAC,Electronics,Camera,327.23,1,108.13,1.35,103.82
ORD-00153,2024-12-04,CUS-0277,Mexico,LATAM,Fashion,Shoes,170.8,5,33.67,23.63,-102.55
ORD-00154,2025-04-09,CUS-0352,France,Europe,Fashion,Accessories,39.65,1,13.45,46.23,2.21
ORD-00155,2025-04-18,CUS-0049,Japan,APAC,Fashion,Shoes,123.78,3,42.21,36.2,138.25
ORD-00156,2023-02-15,CUS-0374,Vietnam,APAC,Electronics,Phone,467.42,1,148.47,14.06,108.28
ORD-00157,2023-06-26,CUS-0183,Brazil,LATAM,Electronics,Phone,1301.07,3,389.17,-14.24,-51.93
ORD-00158,2024-05-13,CUS-0376,Vietnam,APAC,Electronics,Headphone,1711.85,5,410.45,14.06,108.28
ORD-00159,2023-11-06,CUS-0149,Japan,APAC,Home & Furniture,Storage,401.16,4,-32.32,36.2,138.25
ORD-00160,2024-10-25,CUS-0258,Mexico,LATAM,Electronics,Phone,2469.1,5,212.43,23.63,-102.55
ORD-00161,2024-08-05,CUS-0189,South Africa,Africa,Electronics,Camera,742.84,2,112.26,-30.56,22.94
ORD-00162,2024-05-15,CUS-0072,Vietnam,APAC,Electronics,Camera,997.05,3,-15.34,14.06,108.28
ORD-00163,2024-11-29,CUS-0112,United Kingdom,Europe,Electronics,Phone,504.06,3,140.58,55.38,-3.44
ORD-00164,2024-05-23,CUS-0070,France,Europe,Fashion,Bag,129.8,5,-11.28,46.23,2.21
ORD-00165,2025-02-13,CUS-0260,Canada,North America,Fashion,Shirt,269.3,5,43.36,56.13,-106.35
ORD-00166,2023-01-21,CUS-0055,India,APAC,Fashion,Accessories,258.51,3,-19.04,20.59,78.96
ORD-00167,2023-04-12,CUS-0109,Vietnam,APAC,Fashion,Shoes,155.76,4,-11.19,14.06,108.28
ORD-00168,2024-01-19,CUS-0251,Brazil,LATAM,Groceries,Fresh Produce,35.28,3,7.36,-14.24,-51.93
ORD-00169,2023-08-19,CUS-0047,Japan,APAC,Home & Furniture,Storage,792.25,5,199.78,36.2,138.25
ORD-00170,2024-04-27,CUS-0035,United Kingdom,Europe,Home & Furniture,Table,870.55,5,189.53,55.38,-3.44
ORD-00171,2025-02-04,CUS-0090,France,Europe,Fashion,Shoes,274.04,4,21.78,46.23,2.21
ORD-00172,2025-06-06,CUS-0084,Singapore,APAC,Fashion,Shirt,77.16,2,1.73,1.35,103.82
ORD-00173,2023-02-16,CUS-0182,Singapore,APAC,Groceries,Beverage,106.6,5,14.88,1.35,103.82
ORD-00174,2024-10-26,CUS-0007,United States,North America,Home & Furniture,Lamp,1256.95,5,-96.14,37.09,-95.71
ORD-00175,2023-12-09,CUS-0376,Vietnam,APAC,Fashion,Shoes,61.92,1,-1.09,14.06,108.28
ORD-00176,2024-04-29,CUS-0161,South Africa,Africa,Home & Furniture,Chair,615.15,5,1.44,-30.56,22.94
ORD-00177,2024-02-08,CUS-0028,United States,North America,Home & Furniture,Lamp,148.04,2,29.44,37.09,-95.71
ORD-00178,2023-03-04,CUS-0057,South Africa,Africa,Home & Furniture,Table,351.76,4,21.17,-30.56,22.94
ORD-00179,2023-11-28,CUS-0099,France,Europe,Fashion,Bag,314.7,5,61.94,46.23,2.21
ORD-00180,2023-01-22,CUS-0116,France,Europe,Fashion,Shoes,59.23,1,-3.41,46.23,2.21
ORD-00181,2025-05-04,CUS-0387,Nigeria,Africa,Fashion,Accessories,274.29,3,-3.28,9.08,8.68
ORD-00182,2025-03-01,CUS-0268,Vietnam,APAC,Home & Furniture,Storage,464.22,2,-13.43,14.06,108.28
ORD-00183,2024-06-25,CUS-0268,Vietnam,APAC,Home & Furniture,Lamp,622.05,5,142.88,14.06,108.28
ORD-00184,2024-11-23,CUS-0176,Nigeria,Africa,Groceries,Snacks,16.22,1,1.43,9.08,8.68
ORD-00185,2023-03-10,CUS-0375,South Africa,Africa,Electronics,Phone,1832.68,4,409.99,-30.56,22.94
ORD-00186,2024-07-03,CUS-0154,Brazil,LATAM,Home & Furniture,Table,268.83,3,82.15,-14.24,-51.93
ORD-00187,2023-06-04,CUS-0364,Canada,North America,Fashion,Shirt,297.25,5,-14.62,56.13,-106.35
ORD-00188,2024-12-16,CUS-0218,France,Europe,Home & Furniture,Chair,223.03,1,62.15,46.23,2.21
ORD-00189,2024-05-24,CUS-0139,Germany,Europe,Home & Furniture,Lamp,109.47,1,21.33,51.17,10.45
ORD-00190,2023-08-09,CUS-0001,Germany,Europe,Fashion,Bag,338.76,4,98.93,51.17,10.45
ORD-00191,2023-01-01,CUS-0039,Brazil,LATAM,Electronics,Headphone,1558.35,3,-78.0,-14.24,-51.93
ORD-00192,2024-12-19,CUS-0376,Vietnam,APAC,Home & Furniture,Table,254.68,2,85.27,14.06,108.28
ORD-00193,2023-01-17,CUS-0150,United States,North America,Fashion,Shirt,67.61,1,2.51,37.09,-95.71
ORD-00194,2023-03-13,CUS-0375,South Africa,Africa,Electronics,Camera,383.91,3,-25.57,-30.56,22.94
ORD-00195,2023-06-21,CUS-0334,Japan,APAC,Home & Furniture,Chair,1263.2,5,350.12,36.2,138.25
ORD-00196,2023-07-17,CUS-0158,United Kingdom,Europe,Fashion,Bag,292.4,5,-16.89,55.38,-3.44
ORD-00197,2024-03-28,CUS-0393,United States,North America,Fashion,Bag,336.12,4,104.13,37.09,-95.71
ORD-00198,2024-06-20,CUS-0174,Nigeria,Africa,Groceries,Fresh Produce,99.36,4,20.31,9.08,8.68
ORD-00199,2024-07-31,CUS-0348,India,APAC,Fashion,Accessories,55.78,1,7.13,20.59,78.96
ORD-00200,2024-02-18,CUS-0087,Singapore,APAC,Home & Furniture,Table,195.3,3,-2.3,1.35,103.82
ORD-00201,2023-02-23,CUS-0291,France,Europe,Fashion,Shirt,350.19,3,97.97,46.23,2.21
ORD-00202,2025-06-13,CUS-0353,France,Europe,Home & Furniture,Lamp,103.25,1,27.69,46.23,2.21
ORD-00203,2025-07-22,CUS-0277,Mexico,LATAM,Groceries,Fresh Produce,107.3,5,34.15,23.63,-102.55
ORD-00204,2024-09-12,CUS-0045,India,APAC,Electronics,Camera,2189.6,4,590.18,20.59,78.96
ORD-00205,2025-05-25,CUS-0008,Germany,Europe,Electronics,Headphone,971.26,2,-47.09,51.17,10.45
ORD-00206,2023-03-12,CUS-0161,South Africa,Africa,Groceries,Dairy,27.3,2,5.48,-30.56,22.94
ORD-00207,2023-04-25,CUS-0105,Nigeria,Africa,Home & Furniture,Table,1211.24,4,-27.46,9.08,8.68
ORD-00208,2023-03-20,CUS-0155,Germany,Europe,Electronics,Laptop,1408.3,2,435.95,51.17,10.45
ORD-00209,2024-05-17,CUS-0062,United States,North America,Electronics,Headphone,694.43,1,26.28,37.09,-95.71
ORD-00210,2024-12-17,CUS-0122,Japan,APAC,Home & Furniture,Storage,61.89,3,10.03,36.2,138.25
ORD-00211,2024-02-22,CUS-0313,Mexico,LATAM,Home & Furniture,Storage,281.46,2,53.65,23.63,-102.55
ORD-00212,2024-05-29,CUS-0126,United States,North America,Groceries,Snacks,22.18,1,-1.17,37.09,-95.71
ORD-00213,2024-01-07,CUS-0113,France,Europe,Electronics,Laptop,448.6,2,18.37,46.23,2.21
ORD-00214,2024-07-28,CUS-0125,Mexico,LATAM,Groceries,Snacks,65.48,4,9.52,23.63,-102.55
ORD-00215,2024-06-01,CUS-0285,India,APAC,Electronics,Headphone,858.66,2,-20.82,20.59,78.96
ORD-00216,2023-02-26,CUS-0309,Vietnam,APAC,Groceries,Fresh Produce,39.04,4,0.23,14.06,108.28
ORD-00217,2024-02-22,CUS-0139,Germany,Europe,Groceries,Dairy,5.0,1,1.15,51.17,10.45
ORD-00218,2023-02-04,CUS-0338,Nigeria,Africa,Fashion,Shoes,71.92,1,15.82,9.08,8.68
ORD-00219,2025-02-14,CUS-0374,Vietnam,APAC,Groceries,Fresh Produce,66.44,4,7.31,14.06,108.28
ORD-00220,2024-03-18,CUS-0012,Mexico,LATAM,Home & Furniture,Chair,303.46,2,36.76,23.63,-102.55
ORD-00221,2024-08-14,CUS-0075,France,Europe,Electronics,Laptop,2364.12,4,621.68,46.23,2.21
ORD-00222,2025-04-23,CUS-0163,Japan,APAC,Fashion,Bag,261.63,3,10.56,36.2,138.25
ORD-00223,2024-11-17,CUS-0323,France,Europe,Groceries,Snacks,27.1,2,5.0,46.23,2.21
ORD-00224,2023-01-09,CUS-0277,Mexico,LATAM,Fashion,Accessories,141.45,3,32.82,23.63,-102.55
ORD-00225,2024-08-30,CUS-0025,Canada,North America,Electronics,Phone,477.75,1,107.69,56.13,-106.35
ORD-00226,2023-01-05,CUS-0384,Vietnam,APAC,Fashion,Shoes,85.64,2,22.06,14.06,108.28
ORD-00227,2025-03-25,CUS-0144,France,Europe,Home & Furniture,Storage,672.42,3,175.88,46.23,2.21
ORD-00228,2024-09-18,CUS-0120,Vietnam,APAC,Home & Furniture,Lamp,768.0,5,67.01,14.06,108.28
ORD-00229,2024-01-15,CUS-0281,Japan,APAC,Home & Furniture,Lamp,644.12,4,120.25,36.2,138.25
ORD-00230,2024-03-31,CUS-0370,Mexico,LATAM,Home & Furniture,Table,347.08,2,27.99,23.63,-102.55
ORD-00231,2024-10-24,CUS-0290,Singapore,APAC,Home & Furniture,Storage,301.84,2,33.24,1.35,103.82
ORD-00232,2023-10-07,CUS-0390,Japan,APAC,Electronics,Camera,1295.2,4,399.23,36.2,138.25
ORD-00233,2024-08-14,CUS-0307,Vietnam,APAC,Electronics,Headphone,766.96,2,118.18,14.06,108.28
ORD-00234,2024-09-05,CUS-0316,United Kingdom,Europe,Groceries,Snacks,15.53,1,-0.82,55.38,-3.44
ORD-00235,2024-02-05,CUS-0211,Mexico,LATAM,Fashion,Shirt,114.0,2,21.15,23.63,-102.55
ORD-00236,2024-05-23,CUS-0227,India,APAC,Fashion,Shirt,84.94,1,21.94,20.59,78.96
ORD-00237,2023-10-27,CUS-0343,Japan,APAC,Electronics,Phone,1022.68,4,-78.25,36.2,138.25
ORD-00238,2023-02-21,CUS-0028,United States,North America,Fashion,Shoes,243.92,4,-13.43,37.09,-95.71
ORD-00239,2024-02-10,CUS-0074,Singapore,APAC,Home & Furniture,Chair,90.34,1,27.8,1.35,103.82
ORD-00240,2023-09-27,CUS-0372,Singapore,APAC,Fashion,Shirt,308.68,4,104.71,1.35,103.82
ORD-00241,2023-11-10,CUS-0283,India,APAC,Home & Furniture,Chair,343.95,5,18.51,20.59,78.96
ORD-00242,2024-09-16,CUS-0055,India,APAC,Home & Furniture,Lamp,951.05,5,75.23,20.59,78.96
ORD-00243,2023-02-21,CUS-0132,Germany,Europe,Fashion,Bag,301.04,4,-22.27,51.17,10.45
ORD-00244,2024-03-09,CUS-0090,France,Europe,Fashion,Shirt,87.8,2,-1.04,46.23,2.21
ORD-00245,2024-02-09,CUS-0362,Germany,Europe,Electronics,Laptop,998.8,4,74.58,51.17,10.45
ORD-00246,2024-11-15,CUS-0321,France,Europe,Electronics,Headphone,451.5,2,16.19,46.23,2.21
ORD-00247,2024-12-31,CUS-0226,Brazil,LATAM,Groceries,Dairy,32.7,2,4.78,-14.24,-51.93
ORD-00248,2025-10-11,CUS-0302,South Africa,Africa,Electronics,Headphone,1886.64,4,370.92,-30.56,22.94
ORD-00249,2024-01-24,CUS-0169,United States,North America,Fashion,Accessories,203.88,3,-4.23,37.09,-95.71
ORD-00250,2024-02-25,CUS-0358,South Africa,Africa,Home & Furniture,Table,92.31,1,9.8,-30.56,22.94
ORD-00251,2023-01-08,CUS-0081,India,APAC,Groceries,Dairy,121.85,5,8.49,20.59,78.96
ORD-00252,2025-01-30,CUS-0156,Germany,Europe,Home & Furniture,Lamp,140.77,1,11.44,51.17,10.45
ORD-00253,2025-08-18,CUS-0364,Canada,North America,Electronics,Phone,149.38,1,36.22,56.13,-106.35
ORD-00254,2025-05-29,CUS-0241,South Africa,Africa,Groceries,Dairy,44.94,2,8.79,-30.56,22.94
ORD-00255,2025-10-21,CUS-0114,Vietnam,APAC,Electronics,Laptop,1010.4,2,207.94,14.06,108.28
ORD-00256,2025-03-18,CUS-0221,France,Europe,Fashion,Shirt,109.54,2,33.04,46.23,2.21
ORD-00257,2023-10-10,CUS-0132,Germany,Europe,Groceries,Beverage,65.12,4,12.13,51.17,10.45
ORD-00258,2023-02-16,CUS-0324,Vietnam,APAC,Home & Furniture,Lamp,407.94,2,110.61,14.06,108.28
ORD-00259,2023-04-13,CUS-0290,Singapore,APAC,Electronics,Phone,133.34,1,-13.33,1.35,103.82
ORD-00260,2023-01-08,CUS-0249,United States,North America,Fashion,Shoes,335.52,4,112.43,37.09,-95.71
ORD-00261,2025-06-14,CUS-0038,Mexico,LATAM,Groceries,Fresh Produce,60.55,5,13.36,23.63,-102.55
ORD-00262,2023-06-03,CUS-0206,United Kingdom,Europe,Electronics,Laptop,387.2,2,84.87,55.38,-3.44
ORD-00263,2025-02-02,CUS-0162,Nigeria,Africa,Groceries,Beverage,29.9,5,4.55,9.08,8.68
ORD-00264,2025-06-05,CUS-0241,South Africa,Africa,Electronics,Headphone,1118.58,2,255.08,-30.56,22.94
ORD-00265,2023-04-21,CUS-0126,United States,North America,Electronics,Phone,2589.9,5,844.8,37.09,-95.71
ORD-00266,2024-10-02,CUS-0065,South Africa,Africa,Electronics,Headphone,440.97,1,148.44,-30.56,22.94
ORD-00267,2024-07-05,CUS-0189,South Africa,Africa,Groceries,Dairy,75.3,5,9.57,-30.56,22.94
ORD-00268,2024-06-20,CUS-0283,India,APAC,Fashion,Shoes,83.22,1,21.51,20.59,78.96
ORD-00269,2023-06-16,CUS-0007,United States,North America,Home & Furniture,Storage,763.68,4,22.48,37.09,-95.71
ORD-00270,2024-05-26,CUS-0331,Canada,North America,Electronics,Headphone,566.86,2,53.71,56.13,-106.35
ORD-00271,2025-03-08,CUS-0019,Japan,APAC,Home & Furniture,Chair,225.0,3,57.01,36.2,138.25
ORD-00272,2024-01-26,CUS-0248,Singapore,APAC,Fashion,Shirt,69.32,1,16.09,1.35,103.82
ORD-00273,2024-08-15,CUS-0219,Mexico,LATAM,Electronics,Camera,1585.24,2,333.54,23.63,-102.55
ORD-00274,2024-08-09,CUS-0154,Brazil,LATAM,Groceries,Fresh Produce,14.4,2,3.12,-14.24,-51.93
ORD-00275,2023-08-30,CUS-0134,France,Europe,Groceries,Fresh Produce,96.92,4,-9.6,46.23,2.21
ORD-00276,2023-01-05,CUS-0065,South Africa,Africa,Groceries,Beverage,18.59,1,-1.44,-30.56,22.94
ORD-00277,2024-09-03,CUS-0369,France,Europe,Electronics,Camera,821.44,2,191.18,46.23,2.21
ORD-00278,2024-03-07,CUS-0262,United States,North America,Fashion,Shoes,49.52,1,4.82,37.09,-95.71
ORD-00279,2024-11-29,CUS-0248,Singapore,APAC,Fashion,Shirt,424.35,5,125.12,1.35,103.82
ORD-00280,2024-06-20,CUS-0047,Japan,APAC,Fashion,Bag,49.04,2,12.86,36.2,138.25
ORD-00281,2023-09-12,CUS-0275,India,APAC,Fashion,Bag,275.46,3,37.09,20.59,78.96
ORD-00282,2025-06-08,CUS-0179,Japan,APAC,Home & Furniture,Table,629.88,3,136.97,36.2,138.25
ORD-00283,2023-01-20,CUS-0168,India,APAC,Fashion,Shoes,322.52,4,53.41,20.59,78.96
ORD-00284,2023-12-11,CUS-0135,South Africa,Africa,Electronics,Headphone,994.8,5,-27.65,-30.56,22.94
ORD-00285,2024-02-04,CUS-0133,United Kingdom,Europe,Electronics,Laptop,2213.0,4,66.69,55.38,-3.44
ORD-00286,2023-02-14,CUS-0196,South Africa,Africa,Fashion,Accessories,313.3,5,14.74,-30.56,22.94
ORD-00287,2023-07-06,CUS-0177,Germany,Europe,Home & Furniture,Table,107.9,5,22.08,51.17,10.45
ORD-00288,2024-11-16,CUS-0076,India,APAC,Groceries,Dairy,91.65,5,-2.35,20.59,78.96
ORD-00289,2023-12-04,CUS-0104,South Africa,Africa,Electronics,Laptop,1662.36,3,381.65,-30.56,22.94
ORD-00290,2023-08-16,CUS-0122,Japan,APAC,Home & Furniture,Lamp,423.69,3,21.63,36.2,138.25
ORD-00291,2024-03-22,CUS-0382,Japan,APAC,Fashion,Accessories,187.82,2,16.03,36.2,138.25
ORD-00292,2024-07-24,CUS-0354,Germany,Europe,Groceries,Snacks,25.98,2,3.39,51.17,10.45
ORD-00293,2023-01-19,CUS-0269,United Kingdom,Europe,Electronics,Laptop,168.23,1,48.08,55.38,-3.44
ORD-00294,2023-01-08,CUS-0251,Brazil,LATAM,Electronics,Headphone,444.9,1,48.62,-14.24,-51.93
ORD-00295,2023-06-01,CUS-0086,South Africa,Africa,Fashion,Shirt,89.96,2,7.38,-30.56,22.94
ORD-00296,2023-07-02,CUS-0271,Mexico,LATAM,Groceries,Fresh Produce,80.36,4,22.63,23.63,-102.55
ORD-00297,2025-12-17,CUS-0116,France,Europe,Electronics,Phone,963.9,3,-77.81,46.23,2.21
ORD-00298,2024-03-25,CUS-0323,France,Europe,Groceries,Fresh Produce,61.14,3,19.45,46.23,2.21
ORD-00299,2023-04-03,CUS-0235,France,Europe,Home & Furniture,Table,66.67,1,10.76,46.23,2.21
ORD-00300,2023-05-07,CUS-0201,United Kingdom,Europe,Home & Furniture,Table,1072.25,5,79.32,55.38,-3.44
ORD-00301,2024-04-21,CUS-0092,South Africa,Africa,Electronics,Headphone,869.76,2,261.02,-30.56,22.94
ORD-00302,2023-06-20,CUS-0245,Vietnam,APAC,Home & Furniture,Table,253.86,3,73.03,14.06,108.28
ORD-00303,2024-09-18,CUS-0222,United Kingdom,Europe,Fashion,Shoes,96.46,1,2.16,55.38,-3.44
ORD-00304,2024-11-26,CUS-0294,South Africa,Africa,Electronics,Headphone,352.83,3,59.24,-30.56,22.94
ORD-00305,2025-01-11,CUS-0278,India,APAC,Home & Furniture,Lamp,457.0,2,98.04,20.59,78.96
ORD-00306,2025-01-08,CUS-0204,India,APAC,Electronics,Camera,942.58,2,238.19,20.59,78.96
ORD-00307,2024-12-08,CUS-0217,South Africa,Africa,Fashion,Shoes,105.98,2,25.08,-30.56,22.94
ORD-00308,2024-06-11,CUS-0182,Singapore,APAC,Electronics,Camera,683.31,3,-61.44,1.35,103.82
ORD-00309,2024-05-17,CUS-0187,Canada,North America,Electronics,Headphone,1156.28,2,177.52,56.13,-106.35
ORD-00310,2025-01-11,CUS-0208,Germany,Europe,Electronics,Phone,265.77,1,0.8,51.17,10.45
ORD-00311,2024-03-24,CUS-0211,Mexico,LATAM,Groceries,Dairy,29.8,5,10.18,23.63,-102.55
ORD-00312,2024-12-06,CUS-0388,United States,North America,Home & Furniture,Chair,618.87,3,-15.28,37.09,-95.71
ORD-00313,2024-02-25,CUS-0133,United Kingdom,Europe,Groceries,Snacks,68.52,4,-5.55,55.38,-3.44
ORD-00314,2024-08-14,CUS-0242,Canada,North America,Groceries,Snacks,80.32,4,26.7,56.13,-106.35
ORD-00315,2024-07-23,CUS-0131,South Africa,Africa,Fashion,Accessories,166.52,2,38.84,-30.56,22.94
ORD-00316,2025-05-24,CUS-0364,Canada,North America,Fashion,Bag,164.35,5,55.76,56.13,-106.35
ORD-00317,2025-01-14,CUS-0155,Germany,Europe,Electronics,Headphone,1647.84,4,92.9,51.17,10.45
ORD-00318,2023-12-16,CUS-0309,Vietnam,APAC,Groceries,Dairy,27.88,2,-1.85,14.06,108.28
ORD-00319,2023-11-10,CUS-0271,Mexico,LATAM,Electronics,Camera,1288.2,4,77.16,23.63,-102.55
ORD-00320,2024-04-19,CUS-0125,Mexico,LATAM,Electronics,Camera,1280.18,2,163.2,23.63,-102.55
ORD-00321,2024-12-05,CUS-0238,Vietnam,APAC,Fashion,Bag,196.3,5,11.03,14.06,108.28
ORD-00322,2025-05-12,CUS-0018,France,Europe,Groceries,Dairy,19.84,1,4.85,46.23,2.21
ORD-00323,2024-02-01,CUS-0040,South Africa,Africa,Fashion,Shoes,149.43,3,38.83,-30.56,22.94
ORD-00324,2025-01-12,CUS-0400,Vietnam,APAC,Groceries,Fresh Produce,85.35,5,11.06,14.06,108.28
ORD-00325,2023-09-18,CUS-0077,Singapore,APAC,Electronics,Camera,1028.92,4,-26.35,1.35,103.82
ORD-00326,2024-06-01,CUS-0131,South Africa,Africa,Electronics,Laptop,369.47,1,93.68,-30.56,22.94
ORD-00327,2025-02-17,CUS-0032,Canada,North America,Groceries,Beverage,18.12,1,0.25,56.13,-106.35
ORD-00328,2025-02-03,CUS-0213,United States,North America,Home & Furniture,Storage,690.04,4,73.31,37.09,-95.71
ORD-00329,2024-08-20,CUS-0399,South Africa,Africa,Electronics,Phone,1037.48,2,251.27,-30.56,22.94
ORD-00330,2023-01-28,CUS-0286,United Kingdom,Europe,Groceries,Snacks,64.05,5,-5.09,55.38,-3.44
ORD-00331,2023-02-13,CUS-0337,United Kingdom,Europe,Fashion,Bag,245.4,4,77.98,55.38,-3.44
ORD-00332,2024-09-20,CUS-0367,Japan,APAC,Electronics,Camera,351.76,1,61.12,36.2,138.25
ORD-00333,2024-06-10,CUS-0072,Vietnam,APAC,Groceries,Beverage,16.12,2,3.3,14.06,108.28
ORD-00334,2023-11-16,CUS-0341,Singapore,APAC,Fashion,Bag,34.62,1,0.94,1.35,103.82
ORD-00335,2024-08-23,CUS-0371,Mexico,LATAM,Groceries,Dairy,101.05,5,30.13,23.63,-102.55
ORD-00336,2024-05-22,CUS-0068,South Africa,Africa,Home & Furniture,Table,114.6,4,20.65,-30.56,22.94
ORD-00337,2023-11-29,CUS-0083,Nigeria,Africa,Home & Furniture,Storage,487.56,4,-5.21,9.08,8.68
ORD-00338,2025-06-22,CUS-0137,Vietnam,APAC,Groceries,Dairy,22.32,3,0.25,14.06,108.28
ORD-00339,2024-12-30,CUS-0118,Mexico,LATAM,Home & Furniture,Chair,186.14,2,53.1,23.63,-102.55
ORD-00340,2024-05-27,CUS-0340,Singapore,APAC,Fashion,Bag,156.84,3,8.46,1.35,103.82
ORD-00341,2024-02-21,CUS-0340,Singapore,APAC,Electronics,Camera,524.85,1,-13.66,1.35,103.82
ORD-00342,2025-07-08,CUS-0377,United States,North America,Home & Furniture,Chair,403.83,3,34.28,37.09,-95.71
ORD-00343,2023-04-22,CUS-0138,Germany,Europe,Electronics,Camera,423.83,1,91.07,51.17,10.45
ORD-00344,2024-12-15,CUS-0307,Vietnam,APAC,Home & Furniture,Lamp,369.86,2,95.09,14.06,108.28
ORD-00345,2024-12-28,CUS-0103,South Africa,Africa,Groceries,Beverage,5.88,1,0.08,-30.56,22.94
ORD-00346,2025-01-08,CUS-0191,South Africa,Africa,Home & Furniture,Table,158.8,1,7.57,-30.56,22.94
ORD-00347,2023-07-03,CUS-0090,France,Europe,Electronics,Phone,2183.5,5,159.56,46.23,2.21
ORD-00348,2025-08-07,CUS-0241,South Africa,Africa,Groceries,Snacks,20.9,2,1.74,-30.56,22.94
ORD-00349,2023-08-27,CUS-0198,Germany,Europe,Groceries,Dairy,46.38,3,-3.72,51.17,10.45
ORD-00350,2023-12-05,CUS-0337,United Kingdom,Europe,Groceries,Fresh Produce,80.05,5,5.45,55.38,-3.44
ORD-00351,2023-07-25,CUS-0363,Canada,North America,Home & Furniture,Chair,322.98,3,-28.06,56.13,-106.35
ORD-00352,2024-11-08,CUS-0400,Vietnam,APAC,Home & Furniture,Storage,169.3,1,6.92,14.06,108.28
ORD-00353,2023-04-08,CUS-0264,Singapore,APAC,Groceries,Dairy,68.4,5,6.35,1.35,103.82
ORD-00354,2024-02-14,CUS-0060,United Kingdom,Europe,Home & Furniture,Lamp,255.34,2,33.54,55.38,-3.44
ORD-00355,2024-09-13,CUS-0229,Germany,Europe,Home & Furniture,Storage,86.07,1,19.6,51.17,10.45
ORD-00356,2024-03-18,CUS-0389,Canada,North America,Fashion,Shoes,279.2,5,96.51,56.13,-106.35
ORD-00357,2023-06-16,CUS-0003,Nigeria,Africa,Electronics,Camera,383.25,1,-10.69,9.08,8.68
ORD-00358,2024-01-07,CUS-0237,Mexico,LATAM,Fashion,Accessories,80.81,1,-6.18,23.63,-102.55
ORD-00359,2025-06-30,CUS-0355,Japan,APAC,Fashion,Accessories,102.06,2,32.34,36.2,138.25
ORD-00360,2024-12-04,CUS-0298,Germany,Europe,Home & Furniture,Table,148.45,1,37.75,51.17,10.45
ORD-00361,2025-01-30,CUS-0239,Singapore,APAC,Fashion,Shoes,141.96,4,13.03,1.35,103.82
ORD-00362,2023-03-25,CUS-0254,India,APAC,Groceries,Snacks,12.7,2,2.52,20.59,78.96
ORD-00363,2023-05-02,CUS-0180,Canada,North America,Fashion,Shirt,41.7,2,-0.26,56.13,-106.35
ORD-00364,2024-01-15,CUS-0165,Vietnam,APAC,Groceries,Fresh Produce,50.64,4,8.26,14.06,108.28
ORD-00365,2024-12-20,CUS-0275,India,APAC,Groceries,Beverage,78.64,4,-3.54,20.59,78.96
ORD-00366,2023-12-08,CUS-0038,Mexico,LATAM,Home & Furniture,Storage,894.55,5,-56.44,23.63,-102.55
ORD-00367,2025-05-23,CUS-0324,Vietnam,APAC,Electronics,Camera,1735.41,3,595.82,14.06,108.28
ORD-00368,2025-04-10,CUS-0288,France,Europe,Home & Furniture,Lamp,1028.4,5,257.9,46.23,2.21
ORD-00369,2023-07-20,CUS-0367,Japan,APAC,Home & Furniture,Storage,437.52,4,-23.5,36.2,138.25
ORD-00370,2025-07-31,CUS-0296,United Kingdom,Europe,Home & Furniture,Lamp,439.26,2,5.7,55.38,-3.44
ORD-00371,2025-07-19,CUS-0246,Vietnam,APAC,Fashion,Shirt,89.99,1,9.85,14.06,108.28
ORD-00372,2024-08-30,CUS-0201,United Kingdom,Europe,Home & Furniture,Storage,292.92,2,58.21,55.38,-3.44
ORD-00373,2023-08-26,CUS-0078,Canada,North America,Home & Furniture,Chair,846.45,5,144.24,56.13,-106.35
ORD-00374,2023-09-29,CUS-0398,Japan,APAC,Home & Furniture,Storage,517.29,3,7.31,36.2,138.25
ORD-00375,2023-01-15,CUS-0365,Canada,North America,Groceries,Dairy,94.48,4,4.31,56.13,-106.35
ORD-00376,2025-06-25,CUS-0087,Singapore,APAC,Home & Furniture,Chair,417.56,4,79.42,1.35,103.82
ORD-00377,2024-03-02,CUS-0256,Mexico,LATAM,Groceries,Beverage,52.25,5,17.29,23.63,-102.55
ORD-00378,2025-03-08,CUS-0291,France,Europe,Electronics,Phone,313.56,1,13.08,46.23,2.21
ORD-00379,2023-03-10,CUS-0343,Japan,APAC,Fashion,Bag,271.48,4,44.04,36.2,138.25
ORD-00380,2024-09-23,CUS-0193,Mexico,LATAM,Groceries,Beverage,36.32,4,-1.53,23.63,-102.55
ORD-00381,2024-08-21,CUS-0364,Canada,North America,Fashion,Accessories,343.4,5,86.25,56.13,-106.35
ORD-00382,2023-06-15,CUS-0397,United States,North America,Fashion,Shirt,176.13,3,4.41,37.09,-95.71
ORD-00383,2023-08-26,CUS-0137,Vietnam,APAC,Fashion,Accessories,76.6,2,2.53,14.06,108.28
ORD-00384,2024-03-24,CUS-0011,Germany,Europe,Home & Furniture,Table,736.17,3,227.09,51.17,10.45
ORD-00385,2023-01-15,CUS-0324,Vietnam,APAC,Electronics,Camera,529.43,1,179.39,14.06,108.28
ORD-00386,2023-11-16,CUS-0381,India,APAC,Home & Furniture,Table,953.7,5,-43.68,20.59,78.96
ORD-00387,2023-06-03,CUS-0028,United States,North America,Groceries,Fresh Produce,69.12,3,13.56,37.09,-95.71
ORD-00388,2024-08-27,CUS-0273,Nigeria,Africa,Groceries,Dairy,20.26,2,-1.47,9.08,8.68
ORD-00389,2023-07-01,CUS-0087,Singapore,APAC,Electronics,Laptop,1713.7,5,-85.61,1.35,103.82
ORD-00390,2024-07-13,CUS-0308,Singapore,APAC,Electronics,Phone,1384.55,5,19.96,1.35,103.82
ORD-00391,2023-10-20,CUS-0292,Vietnam,APAC,Home & Furniture,Storage,475.02,3,-15.13,14.06,108.28
ORD-00392,2024-05-10,CUS-0187,Canada,North America,Groceries,Dairy,22.52,2,4.13,56.13,-106.35
ORD-00393,2025-10-13,CUS-0222,United Kingdom,Europe,Fashion,Shoes,71.16,2,-1.44,55.38,-3.44
ORD-00394,2023-11-24,CUS-0070,France,Europe,Fashion,Accessories,241.3,5,-22.73,46.23,2.21
ORD-00395,2023-02-17,CUS-0029,Vietnam,APAC,Electronics,Headphone,2138.08,4,509.84,14.06,108.28
ORD-00396,2023-11-24,CUS-0186,United States,North America,Electronics,Camera,2334.55,5,-161.9,37.09,-95.71
ORD-00397,2025-07-15,CUS-0172,Nigeria,Africa,Groceries,Beverage,39.63,3,7.19,9.08,8.68
ORD-00398,2025-05-18,CUS-0265,Canada,North America,Home & Furniture,Chair,551.43,3,110.25,56.13,-106.35
ORD-00399,2025-05-26,CUS-0271,Mexico,LATAM,Groceries,Snacks,40.12,4,-3.88,23.63,-102.55
ORD-00400,2025-01-12,CUS-0045,India,APAC,Fashion,Bag,104.52,2,-1.74,20.59,78.96
ORD-00401,2023-05-08,CUS-0113,France,Europe,Electronics,Camera,408.36,1,-10.32,46.23,2.21
ORD-00402,2023-01-05,CUS-0279,Japan,APAC,Groceries,Beverage,5.0,1,-0.38,36.2,138.25
ORD-00403,2023-07-12,CUS-0056,United Kingdom,Europe,Groceries,Dairy,120.9,5,0.8,55.38,-3.44
ORD-00404,2023-10-20,CUS-0025,Canada,North America,Fashion,Shoes,110.76,4,-7.45,56.13,-106.35
ORD-00405,2025-03-30,CUS-0114,Vietnam,APAC,Groceries,Snacks,14.54,1,1.23,14.06,108.28
ORD-00406,2024-07-31,CUS-0375,South Africa,Africa,Home & Furniture,Lamp,118.7,1,32.6,-30.56,22.94
ORD-00407,2024-08-02,CUS-0379,Nigeria,Africa,Fashion,Shirt,175.92,4,35.88,9.08,8.68
ORD-00408,2024-02-27,CUS-0173,Mexico,LATAM,Home & Furniture,Storage,397.85,5,66.52,23.63,-102.55
ORD-00409,2023-03-13,CUS-0343,Japan,APAC,Groceries,Snacks,23.56,2,-1.9,36.2,138.25
ORD-00410,2024-07-21,CUS-0347,Vietnam,APAC,Home & Furniture,Lamp,843.95,5,82.91,14.06,108.28
ORD-00411,2023-01-05,CUS-0148,Vietnam,APAC,Electronics,Laptop,527.95,5,22.92,14.06,108.28
ORD-00412,2024-04-20,CUS-0322,Canada,North America,Fashion,Bag,292.6,5,-12.75,56.13,-106.35
ORD-00413,2025-02-13,CUS-0035,United Kingdom,Europe,Home & Furniture,Chair,730.59,3,11.02,55.38,-3.44
ORD-00414,2024-05-30,CUS-0042,Japan,APAC,Groceries,Snacks,52.5,5,4.83,36.2,138.25
ORD-00415,2024-04-09,CUS-0352,France,Europe,Electronics,Camera,145.77,1,5.68,46.23,2.21
ORD-00416,2024-09-13,CUS-0154,Brazil,LATAM,Fashion,Shirt,122.45,5,-11.2,-14.24,-51.93
ORD-00417,2025-01-14,CUS-0109,Vietnam,APAC,Home & Furniture,Chair,502.8,5,-44.71,14.06,108.28
ORD-00418,2023-11-14,CUS-0164,Germany,Europe,Fashion,Shirt,164.08,4,-0.93,51.17,10.45
ORD-00419,2023-05-16,CUS-0296,United Kingdom,Europe,Fashion,Bag,49.32,1,-0.88,55.38,-3.44
ORD-00420,2024-03-05,CUS-0153,United States,North America,Electronics,Laptop,665.0,4,156.51,37.09,-95.71
ORD-00421,2023-12-26,CUS-0214,Vietnam,APAC,Groceries,Dairy,17.53,1,3.44,14.06,108.28
ORD-00422,2023-08-11,CUS-0100,Brazil,LATAM,Groceries,Beverage,42.52,4,7.23,-14.24,-51.93
ORD-00423,2023-04-29,CUS-0083,Nigeria,Africa,Home & Furniture,Chair,849.45,5,40.5,9.08,8.68
ORD-00424,2023-05-31,CUS-0337,United Kingdom,Europe,Home & Furniture,Storage,432.0,5,-16.51,55.38,-3.44
ORD-00425,2023-10-28,CUS-0090,France,Europe,Fashion,Shirt,375.75,5,81.64,46.23,2.21
ORD-00426,2025-03-23,CUS-0191,South Africa,Africa,Fashion,Accessories,91.96,1,10.48,-30.56,22.94
ORD-00427,2023-12-02,CUS-0230,Singapore,APAC,Groceries,Dairy,5.0,1,0.54,1.35,103.82
ORD-00428,2024-08-16,CUS-0389,Canada,North America,Fashion,Accessories,380.1,5,24.08,56.13,-106.35
ORD-00429,2023-02-27,CUS-0273,Nigeria,Africa,Fashion,Accessories,245.49,3,45.01,9.08,8.68
ORD-00430,2023-09-01,CUS-0361,Canada,North America,Home & Furniture,Storage,157.85,1,-3.6,56.13,-106.35
ORD-00431,2025-08-13,CUS-0082,Canada,North America,Home & Furniture,Lamp,139.11,1,23.36,56.13,-106.35
ORD-00432,2023-09-22,CUS-0093,United Kingdom,Europe,Fashion,Shirt,162.16,2,51.71,55.38,-3.44
ORD-00433,2023-02-20,CUS-0350,United States,North America,Home & Furniture,Chair,127.77,1,-6.72,37.09,-95.71
ORD-00434,2023-03-10,CUS-0363,Canada,North America,Fashion,Shoes,145.02,2,32.67,56.13,-106.35
ORD-00435,2024-06-08,CUS-0383,Vietnam,APAC,Electronics,Phone,1225.0,4,383.46,14.06,108.28
ORD-00436,2024-02-29,CUS-0318,Japan,APAC,Fashion,Shoes,246.2,5,31.76,36.2,138.25
ORD-00437,2025-01-24,CUS-0079,Canada,North America,Home & Furniture,Lamp,377.68,2,53.74,56.13,-106.35
ORD-00438,2024-02-26,CUS-0305,India,APAC,Fashion,Shoes,273.84,3,-12.37,20.59,78.96
ORD-00439,2023-07-04,CUS-0198,Germany,Europe,Fashion,Accessories,52.47,3,3.33,51.17,10.45
ORD-00440,2023-10-30,CUS-0022,Singapore,APAC,Groceries,Dairy,50.3,2,1.71,1.35,103.82
ORD-00441,2023-09-02,CUS-0273,Nigeria,Africa,Home & Furniture,Table,722.3,5,207.18,9.08,8.68
ORD-00442,2025-08-22,CUS-0379,Nigeria,Africa,Electronics,Laptop,410.98,1,107.41,9.08,8.68
ORD-00443,2024-06-09,CUS-0391,South Africa,Africa,Fashion,Shirt,143.42,2,-1.8,-30.56,22.94
ORD-00444,2024-07-15,CUS-0081,India,APAC,Electronics,Camera,1824.24,3,127.36,20.59,78.96
ORD-00445,2024-09-26,CUS-0045,India,APAC,Electronics,Headphone,3034.4,5,164.36,20.59,78.96
ORD-00446,2025-03-28,CUS-0079,Canada,North America,Groceries,Fresh Produce,10.0,2,3.16,56.13,-106.35
ORD-00447,2024-02-21,CUS-0105,Nigeria,Africa,Electronics,Phone,329.1,1,30.18,9.08,8.68
ORD-00448,2023-11-16,CUS-0115,South Africa,Africa,Groceries,Fresh Produce,75.12,3,16.58,-30.56,22.94
ORD-00449,2023-12-07,CUS-0320,India,APAC,Home & Furniture,Lamp,166.8,2,37.76,20.59,78.96
ORD-00450,2023-01-05,CUS-0176,Nigeria,Africa,Groceries,Snacks,13.42,1,0.14,9.08,8.68
ORD-00451,2023-07-20,CUS-0137,Vietnam,APAC,Fashion,Shirt,36.9,2,5.19,14.06,108.28
ORD-00452,2023-04-12,CUS-0274,Japan,APAC,Home & Furniture,Storage,703.04,4,230.9,36.2,138.25
ORD-00453,2025-01-23,CUS-0376,Vietnam,APAC,Fashion,Bag,63.0,4,11.4,14.06,108.28
ORD-00454,2023-10-07,CUS-0181,South Africa,Africa,Groceries,Beverage,53.7,3,5.11,-30.56,22.94
ORD-00455,2025-03-06,CUS-0055,India,APAC,Home & Furniture,Lamp,255.66,2,41.55,20.59,78.96
ORD-00456,2024-05-18,CUS-0348,India,APAC,Home & Furniture,Storage,189.42,1,44.87,20.59,78.96
ORD-00457,2024-11-11,CUS-0301,Germany,Europe,Fashion,Bag,228.68,2,45.74,51.17,10.45
ORD-00458,2024-05-11,CUS-0149,Japan,APAC,Fashion,Accessories,126.0,4,35.99,36.2,138.25
ORD-00459,2023-10-29,CUS-0046,United Kingdom,Europe,Groceries,Fresh Produce,46.28,4,-2.14,55.38,-3.44
ORD-00460,2024-04-27,CUS-0012,Mexico,LATAM,Fashion,Bag,184.52,4,53.76,23.63,-102.55
ORD-00461,2024-05-29,CUS-0107,Nigeria,Africa,Electronics,Camera,1038.3,3,-12.02,9.08,8.68
ORD-00462,2024-11-15,CUS-0017,France,Europe,Home & Furniture,Chair,400.3,2,127.53,46.23,2.21
ORD-00463,2024-10-12,CUS-0364,Canada,North America,Groceries,Beverage,21.66,2,-0.55,56.13,-106.35
ORD-00464,2024-09-08,CUS-0106,United Kingdom,Europe,Electronics,Laptop,2175.85,5,435.19,55.38,-3.44
ORD-00465,2025-04-21,CUS-0383,Vietnam,APAC,Fashion,Shirt,160.14,2,15.42,14.06,108.28
ORD-00466,2025-05-20,CUS-0014,France,Europe,Fashion,Shoes,67.09,1,3.19,46.23,2.21
ORD-00467,2023-03-28,CUS-0294,South Africa,Africa,Home & Furniture,Chair,858.2,5,114.23,-30.56,22.94
ORD-00468,2024-02-22,CUS-0341,Singapore,APAC,Electronics,Laptop,1029.7,2,-74.27,1.35,103.82
ORD-00469,2024-09-24,CUS-0282,Japan,APAC,Electronics,Headphone,99.64,1,27.88,36.2,138.25
ORD-00470,2024-02-28,CUS-0018,France,Europe,Groceries,Snacks,89.08,4,0.37,46.23,2.21
ORD-00471,2024-01-10,CUS-0343,Japan,APAC,Fashion,Shirt,98.9,1,-5.63,36.2,138.25
ORD-00472,2023-08-24,CUS-0034,South Africa,Africa,Electronics,Phone,2612.7,5,-2.24,-30.56,22.94
ORD-00473,2024-01-16,CUS-0104,South Africa,Africa,Groceries,Beverage,52.85,5,4.09,-30.56,22.94
ORD-00474,2024-05-23,CUS-0088,Brazil,LATAM,Fashion,Accessories,225.42,3,68.68,-14.24,-51.93
ORD-00475,2023-11-18,CUS-0333,India,APAC,Electronics,Phone,2182.28,4,524.63,20.59,78.96
ORD-00476,2025-04-13,CUS-0065,South Africa,Africa,Fashion,Bag,260.9,5,-10.79,-30.56,22.94
ORD-00477,2023-11-02,CUS-0144,France,Europe,Home & Furniture,Chair,751.95,5,233.82,46.23,2.21
ORD-00478,2023-04-04,CUS-0182,Singapore,APAC,Fashion,Accessories,20.0,4,3.66,1.35,103.82
ORD-00479,2023-11-13,CUS-0071,Japan,APAC,Fashion,Shirt,145.88,4,45.71,36.2,138.25
ORD-00480,2025-06-29,CUS-0336,Japan,APAC,Fashion,Accessories,96.32,2,22.48,36.2,138.25
ORD-00481,2023-06-25,CUS-0063,Singapore,APAC,Electronics,Headphone,1872.36,4,65.47,1.35,103.82
ORD-00482,2023-01-16,CUS-0234,Vietnam,APAC,Electronics,Headphone,2275.96,4,490.46,14.06,108.28
ORD-00483,2024-02-06,CUS-0324,Vietnam,APAC,Groceries,Fresh Produce,81.4,4,5.04,14.06,108.28
ORD-00484,2025-02-15,CUS-0185,United Kingdom,Europe,Groceries,Snacks,5.0,1,-0.31,55.38,-3.44
ORD-00485,2023-06-25,CUS-0242,Canada,North America,Groceries,Dairy,65.36,4,2.62,56.13,-106.35
ORD-00486,2023-08-03,CUS-0145,Canada,North America,Home & Furniture,Chair,455.08,4,153.8,56.13,-106.35
ORD-00487,2025-06-19,CUS-0300,Japan,APAC,Groceries,Snacks,35.1,5,3.6,36.2,138.25
ORD-00488,2023-02-03,CUS-0010,Japan,APAC,Home & Furniture,Lamp,208.94,1,-16.47,36.2,138.25
ORD-00489,2024-05-24,CUS-0058,Singapore,APAC,Electronics,Laptop,374.41,1,128.8,1.35,103.82
ORD-00490,2025-01-16,CUS-0108,Nigeria,Africa,Home & Furniture,Lamp,776.32,4,80.56,9.08,8.68
ORD-00491,2024-10-29,CUS-0182,Singapore,APAC,Electronics,Camera,1020.12,2,163.57,1.35,103.82
ORD-00492,2023-03-24,CUS-0233,United States,North America,Fashion,Bag,111.26,2,4.06,37.09,-95.71
ORD-00493,2024-07-04,CUS-0368,Canada,North America,Groceries,Beverage,26.16,2,2.68,56.13,-106.35
ORD-00494,2023-02-22,CUS-0100,Brazil,LATAM,Groceries,Snacks,13.15,1,3.73,-14.24,-51.93
ORD-00495,2023-03-25,CUS-0204,India,APAC,Fashion,Accessories,119.31,3,-2.78,20.59,78.96
ORD-00496,2023-10-30,CUS-0209,Canada,North America,Electronics,Headphone,256.08,4,1.85,56.13,-106.35
ORD-00497,2024-07-01,CUS-0109,Vietnam,APAC,Electronics,Laptop,1734.84,4,177.91,14.06,108.28
ORD-00498,2024-12-18,CUS-0254,India,APAC,Home & Furniture,Lamp,330.9,2,3.78,20.59,78.96
ORD-00499,2023-06-28,CUS-0220,Canada,North America,Home & Furniture,Storage,521.24,4,1.9,56.13,-106.35
ORD-00500,2023-11-22,CUS-0311,United States,North America,Fashion,Bag,182.56,4,23.98,37.09,-95.71
ORD-00501,2025-04-22,CUS-0074,Singapore,APAC,Groceries,Beverage,69.3,3,-4.17,1.35,103.82
ORD-00502,2024-09-02,CUS-0119,Japan,APAC,Home & Furniture,Table,390.12,3,125.63,36.2,138.25
ORD-00503,2024-02-14,CUS-0342,Canada,North America,Home & Furniture,Lamp,331.16,4,-19.77,56.13,-106.35
ORD-00504,2023-11-16,CUS-0088,Brazil,LATAM,Electronics,Camera,1340.94,3,118.35,-14.24,-51.93
ORD-00505,2024-10-21,CUS-0324,Vietnam,APAC,Electronics,Phone,1028.6,4,242.72,14.06,108.28
ORD-00506,2023-01-11,CUS-0141,United States,North America,Groceries,Beverage,15.0,3,4.35,37.09,-95.71
ORD-00507,2024-11-14,CUS-0022,Singapore,APAC,Groceries,Fresh Produce,25.0,5,0.03,1.35,103.82
ORD-00508,2024-09-11,CUS-0181,South Africa,Africa,Electronics,Camera,3433.0,5,536.19,-30.56,22.94
ORD-00509,2025-04-20,CUS-0362,Germany,Europe,Fashion,Shoes,197.32,4,8.93,51.17,10.45
ORD-00510,2025-01-31,CUS-0396,Vietnam,APAC,Groceries,Fresh Produce,84.2,5,10.51,14.06,108.28
ORD-00511,2023-03-21,CUS-0049,Japan,APAC,Fashion,Shirt,182.34,3,5.78,36.2,138.25
ORD-00512,2024-05-06,CUS-0138,Germany,Europe,Groceries,Beverage,38.6,5,7.42,51.17,10.45
ORD-00513,2023-06-07,CUS-0181,South Africa,Africa,Groceries,Snacks,42.86,2,13.06,-30.56,22.94
ORD-00514,2023-04-16,CUS-0187,Canada,North America,Home & Furniture,Chair,479.2,5,-11.13,56.13,-106.35
ORD-00515,2024-08-15,CUS-0039,Brazil,LATAM,Fashion,Shoes,168.15,3,0.06,-14.24,-51.93
ORD-00516,2024-08-30,CUS-0039,Brazil,LATAM,Groceries,Beverage,35.25,3,-1.99,-14.24,-51.93
ORD-00517,2025-05-07,CUS-0126,United States,North America,Fashion,Shirt,89.54,2,2.13,37.09,-95.71
ORD-00518,2024-05-28,CUS-0164,Germany,Europe,Home & Furniture,Chair,452.6,5,-19.75,51.17,10.45
ORD-00519,2025-04-24,CUS-0123,Japan,APAC,Fashion,Shirt,128.4,3,-8.39,36.2,138.25
ORD-00520,2023-07-30,CUS-0155,Germany,Europe,Home & Furniture,Table,342.9,5,4.94,51.17,10.45
ORD-00521,2024-04-29,CUS-0341,Singapore,APAC,Fashion,Accessories,176.58,2,42.19,1.35,103.82
ORD-00522,2023-04-20,CUS-0080,Brazil,LATAM,Fashion,Accessories,181.45,5,8.53,-14.24,-51.93
ORD-00523,2025-02-03,CUS-0073,India,APAC,Electronics,Headphone,2392.75,5,487.77,20.59,78.96
ORD-00524,2024-03-30,CUS-0135,South Africa,Africa,Home & Furniture,Storage,151.49,1,-7.95,-30.56,22.94
ORD-00525,2024-05-26,CUS-0067,Germany,Europe,Home & Furniture,Chair,732.88,4,137.93,51.17,10.45
ORD-00526,2024-05-18,CUS-0209,Canada,North America,Groceries,Snacks,29.72,2,7.18,56.13,-106.35
ORD-00527,2024-06-22,CUS-0028,United States,North America,Fashion,Accessories,160.48,2,26.83,37.09,-95.71
ORD-00528,2025-09-20,CUS-0335,United Kingdom,Europe,Home & Furniture,Lamp,717.32,4,104.41,55.38,-3.44
ORD-00529,2023-04-03,CUS-0117,France,Europe,Fashion,Accessories,45.82,1,7.27,46.23,2.21
ORD-00530,2023-07-12,CUS-0080,Brazil,LATAM,Home & Furniture,Lamp,461.6,2,94.49,-14.24,-51.93
ORD-00531,2024-03-17,CUS-0384,Vietnam,APAC,Fashion,Bag,5.0,1,-0.13,14.06,108.28
ORD-00532,2024-09-20,CUS-0244,United States,North America,Fashion,Shoes,115.02,3,35.61,37.09,-95.71
ORD-00533,2025-06-07,CUS-0144,France,Europe,Fashion,Accessories,319.45,5,93.8,46.23,2.21
ORD-00534,2023-05-12,CUS-0137,Vietnam,APAC,Electronics,Phone,372.78,2,-32.56,14.06,108.28
ORD-00535,2024-08-09,CUS-0349,Vietnam,APAC,Fashion,Shoes,129.1,2,2.75,14.06,108.28
ORD-00536,2024-06-13,CUS-0058,Singapore,APAC,Fashion,Shirt,47.83,1,1.66,1.35,103.82
ORD-00537,2023-12-25,CUS-0030,South Africa,Africa,Home & Furniture,Storage,303.9,3,55.72,-30.56,22.94
ORD-00538,2023-07-17,CUS-0025,Canada,North America,Groceries,Snacks,27.98,2,6.12,56.13,-106.35
ORD-00539,2024-09-13,CUS-0256,Mexico,LATAM,Fashion,Bag,298.89,3,104.1,23.63,-102.55
ORD-00540,2025-03-22,CUS-0026,Singapore,APAC,Electronics,Laptop,487.26,2,42.79,1.35,103.82
ORD-00541,2023-09-08,CUS-0085,Brazil,LATAM,Fashion,Accessories,403.6,5,17.76,-14.24,-51.93
ORD-00542,2024-09-16,CUS-0264,Singapore,APAC,Home & Furniture,Chair,477.72,3,50.13,1.35,103.82
ORD-00543,2023-08-10,CUS-0384,Vietnam,APAC,Home & Furniture,Table,352.5,2,-7.03,14.06,108.28
ORD-00544,2024-12-31,CUS-0072,Vietnam,APAC,Electronics,Laptop,913.2,3,196.81,14.06,108.28
ORD-00545,2024-02-20,CUS-0117,France,Europe,Home & Furniture,Table,160.69,1,46.77,46.23,2.21
ORD-00546,2024-03-15,CUS-0050,Germany,Europe,Home & Furniture,Table,333.84,2,46.7,51.17,10.45
ORD-00547,2024-01-29,CUS-0099,France,Europe,Home & Furniture,Table,282.58,2,70.67,46.23,2.21
ORD-00548,2023-04-10,CUS-0251,Brazil,LATAM,Electronics,Headphone,1044.72,3,208.82,-14.24,-51.93
ORD-00549,2024-10-13,CUS-0192,India,APAC,Electronics,Headphone,1551.18,3,-151.72,20.59,78.96
ORD-00550,2023-12-21,CUS-0029,Vietnam,APAC,Home & Furniture,Storage,1019.25,5,7.69,14.06,108.28
ORD-00551,2023-01-06,CUS-0143,South Africa,Africa,Fashion,Bag,197.49,3,16.5,-30.56,22.94
ORD-00552,2023-10-19,CUS-0029,Vietnam,APAC,Groceries,Beverage,22.71,1,-1.09,14.06,108.28
ORD-00553,2025-06-05,CUS-0283,India,APAC,Home & Furniture,Lamp,486.76,2,156.46,20.59,78.96
ORD-00554,2025-01-04,CUS-0076,India,APAC,Groceries,Dairy,33.28,2,4.72,20.59,78.96
ORD-00555,2023-09-24,CUS-0161,South Africa,Africa,Groceries,Beverage,17.14,1,-1.6,-30.56,22.94
ORD-00556,2025-01-12,CUS-0002,India,APAC,Groceries,Snacks,24.56,1,-0.81,20.59,78.96
ORD-00557,2024-08-31,CUS-0225,Vietnam,APAC,Electronics,Headphone,952.3,5,155.43,14.06,108.28
ORD-00558,2024-02-15,CUS-0359,Mexico,LATAM,Electronics,Phone,622.7,2,125.27,23.63,-102.55
ORD-00559,2024-10-23,CUS-0016,India,APAC,Home & Furniture,Storage,255.58,2,46.11,20.59,78.96
ORD-00560,2023-05-13,CUS-0015,United States,North America,Fashion,Shirt,265.08,4,7.98,37.09,-95.71
ORD-00561,2024-10-04,CUS-0227,India,APAC,Fashion,Shoes,66.37,1,7.54,20.59,78.96
ORD-00562,2024-01-22,CUS-0186,United States,North America,Home & Furniture,Chair,333.5,2,54.88,37.09,-95.71
ORD-00563,2024-05-19,CUS-0189,South Africa,Africa,Home & Furniture,Chair,396.06,2,2.96,-30.56,22.94
ORD-00564,2024-11-18,CUS-0341,Singapore,APAC,Groceries,Fresh Produce,51.08,4,1.75,1.35,103.82
ORD-00565,2024-08-20,CUS-0021,United States,North America,Home & Furniture,Lamp,202.68,2,-13.28,37.09,-95.71
ORD-00566,2025-08-31,CUS-0317,Japan,APAC,Home & Furniture,Lamp,86.03,1,-0.93,36.2,138.25
ORD-00567,2023-06-11,CUS-0182,Singapore,APAC,Groceries,Beverage,52.84,4,-3.34,1.35,103.82
ORD-00568,2023-09-11,CUS-0024,South Africa,Africa,Electronics,Headphone,2244.24,4,511.43,-30.56,22.94
ORD-00569,2023-09-08,CUS-0086,South Africa,Africa,Groceries,Beverage,74.88,4,12.33,-30.56,22.94
ORD-00570,2024-09-01,CUS-0101,United Kingdom,Europe,Electronics,Headphone,884.58,3,230.72,55.38,-3.44
ORD-00571,2023-03-22,CUS-0331,Canada,North America,Fashion,Accessories,136.36,2,24.72,56.13,-106.35
ORD-00572,2023-02-01,CUS-0395,Nigeria,Africa,Groceries,Dairy,60.66,3,12.1,9.08,8.68
ORD-00573,2024-01-13,CUS-0149,Japan,APAC,Fashion,Accessories,27.59,1,-0.22,36.2,138.25
ORD-00574,2023-05-11,CUS-0101,United Kingdom,Europe,Electronics,Laptop,859.06,2,37.34,55.38,-3.44
ORD-00575,2023-09-12,CUS-0337,United Kingdom,Europe,Fashion,Bag,137.16,3,-4.73,55.38,-3.44
ORD-00576,2025-06-13,CUS-0229,Germany,Europe,Fashion,Accessories,49.4,4,-3.8,51.17,10.45
ORD-00577,2024-06-05,CUS-0106,United Kingdom,Europe,Home & Furniture,Chair,238.9,2,-7.61,55.38,-3.44
ORD-00578,2023-05-16,CUS-0226,Brazil,LATAM,Groceries,Fresh Produce,61.16,4,-6.01,-14.24,-51.93
ORD-00579,2025-07-25,CUS-0364,Canada,North America,Groceries,Fresh Produce,105.05,5,-0.32,56.13,-106.35
ORD-00580,2024-12-09,CUS-0290,Singapore,APAC,Home & Furniture,Lamp,369.27,3,111.28,1.35,103.82
ORD-00581,2024-09-26,CUS-0335,United Kingdom,Europe,Fashion,Bag,7.41,1,2.2,55.38,-3.44
ORD-00582,2023-10-24,CUS-0339,Singapore,APAC,Home & Furniture,Table,66.44,1,13.22,1.35,103.82
ORD-00583,2024-08-04,CUS-0349,Vietnam,APAC,Electronics,Laptop,2103.68,4,301.97,14.06,108.28
ORD-00584,2025-02-23,CUS-0237,Mexico,LATAM,Groceries,Dairy,35.76,2,1.3,23.63,-102.55
ORD-00585,2023-12-06,CUS-0087,Singapore,APAC,Groceries,Beverage,25.3,2,1.02,1.35,103.82
ORD-00586,2024-04-01,CUS-0139,Germany,Europe,Fashion,Accessories,86.09,1,11.7,51.17,10.45
ORD-00587,2023-09-11,CUS-0308,Singapore,APAC,Home & Furniture,Storage,581.55,5,-50.49,1.35,103.82
ORD-00588,2024-10-12,CUS-0248,Singapore,APAC,Groceries,Snacks,43.66,2,-3.33,1.35,103.82
ORD-00589,2023-05-07,CUS-0177,Germany,Europe,Electronics,Headphone,144.35,1,-2.1,51.17,10.45
ORD-00590,2025-03-17,CUS-0388,United States,North America,Electronics,Laptop,2159.0,5,736.22,37.09,-95.71
ORD-00591,2024-02-20,CUS-0225,Vietnam,APAC,Home & Furniture,Chair,118.28,1,12.56,14.06,108.28
ORD-00592,2024-02-05,CUS-0333,India,APAC,Groceries,Fresh Produce,5.0,1,1.37,20.59,78.96
ORD-00593,2024-10-19,CUS-0140,France,Europe,Electronics,Phone,2772.75,5,755.37,46.23,2.21
ORD-00594,2024-04-04,CUS-0240,Singapore,APAC,Home & Furniture,Lamp,134.08,1,30.47,1.35,103.82
ORD-00595,2024-10-27,CUS-0289,Germany,Europe,Home & Furniture,Chair,968.7,5,157.3,51.17,10.45
ORD-00596,2025-01-13,CUS-0016,India,APAC,Electronics,Camera,441.12,2,-2.77,20.59,78.96
ORD-00597,2024-11-03,CUS-0332,France,Europe,Groceries,Snacks,44.32,4,4.85,46.23,2.21
ORD-00598,2024-11-03,CUS-0163,Japan,APAC,Home & Furniture,Table,239.24,2,-4.45,36.2,138.25
ORD-00599,2023-03-31,CUS-0394,France,Europe,Fashion,Shirt,186.09,3,36.39,46.23,2.21
ORD-00600,2024-07-14,CUS-0334,Japan,APAC,Groceries,Snacks,36.06,2,-2.8,36.2,138.25
ORD-00601,2023-12-07,CUS-0378,South Africa,Africa,Electronics,Laptop,1526.32,4,322.05,-30.56,22.94
ORD-00602,2024-11-27,CUS-0158,United Kingdom,Europe,Electronics,Headphone,821.78,2,83.89,55.38,-3.44
ORD-00603,2024-04-17,CUS-0326,India,APAC,Groceries,Snacks,32.96,2,2.04,20.59,78.96
ORD-00604,2024-03-13,CUS-0320,India,APAC,Groceries,Fresh Produce,14.93,1,0.37,20.59,78.96
ORD-00605,2024-01-17,CUS-0237,Mexico,LATAM,Home & Furniture,Lamp,110.98,1,38.01,23.63,-102.55
ORD-00606,2025-02-06,CUS-0280,Brazil,LATAM,Groceries,Snacks,38.0,2,11.99,-14.24,-51.93
ORD-00607,2025-02-08,CUS-0344,Nigeria,Africa,Fashion,Shirt,147.99,3,16.61,9.08,8.68
ORD-00608,2023-12-29,CUS-0016,India,APAC,Groceries,Snacks,102.1,5,15.27,20.59,78.96
ORD-00609,2024-03-27,CUS-0203,United Kingdom,Europe,Fashion,Shoes,362.15,5,18.61,55.38,-3.44
ORD-00610,2024-03-08,CUS-0286,United Kingdom,Europe,Groceries,Snacks,32.51,1,1.39,55.38,-3.44
ORD-00611,2025-09-20,CUS-0357,Vietnam,APAC,Fashion,Shirt,41.61,1,3.39,14.06,108.28
ORD-00612,2024-03-11,CUS-0342,Canada,North America,Electronics,Camera,2752.92,4,285.09,56.13,-106.35
ORD-00613,2023-11-19,CUS-0056,United Kingdom,Europe,Fashion,Shirt,83.8,1,26.03,55.38,-3.44
ORD-00614,2023-06-11,CUS-0086,South Africa,Africa,Fashion,Shoes,15.0,3,0.9,-30.56,22.94
ORD-00615,2023-04-04,CUS-0334,Japan,APAC,Fashion,Bag,66.33,1,6.69,36.2,138.25
ORD-00616,2023-05-02,CUS-0341,Singapore,APAC,Electronics,Headphone,2488.44,4,799.93,1.35,103.82
ORD-00617,2024-03-25,CUS-0043,South Africa,Africa,Groceries,Fresh Produce,41.56,2,-0.4,-30.56,22.94
ORD-00618,2023-06-08,CUS-0216,Brazil,LATAM,Fashion,Shoes,136.96,4,-9.31,-14.24,-51.93
ORD-00619,2024-06-28,CUS-0268,Vietnam,APAC,Home & Furniture,Table,330.65,5,-20.36,14.06,108.28
ORD-00620,2024-03-24,CUS-0188,South Africa,Africa,Home & Furniture,Table,997.95,5,303.74,-30.56,22.94
ORD-00621,2024-02-06,CUS-0138,Germany,Europe,Home & Furniture,Lamp,789.48,3,10.29,51.17,10.45
ORD-00622,2025-01-12,CUS-0094,France,Europe,Home & Furniture,Chair,1356.8,5,326.39,46.23,2.21
ORD-00623,2024-10-22,CUS-0383,Vietnam,APAC,Fashion,Shoes,532.75,5,7.43,14.06,108.28
ORD-00624,2024-02-28,CUS-0026,Singapore,APAC,Home & Furniture,Storage,181.43,1,-16.83,1.35,103.82
ORD-00625,2024-03-04,CUS-0295,United Kingdom,Europe,Home & Furniture,Storage,181.12,2,42.27,55.38,-3.44
ORD-00626,2023-01-04,CUS-0371,Mexico,LATAM,Electronics,Camera,761.79,3,27.61,23.63,-102.55
ORD-00627,2023-12-10,CUS-0290,Singapore,APAC,Home & Furniture,Chair,10.0,2,2.71,1.35,103.82
ORD-00628,2024-05-23,CUS-0299,Brazil,LATAM,Groceries,Snacks,59.58,3,-3.93,-14.24,-51.93
ORD-00629,2024-04-30,CUS-0211,Mexico,LATAM,Home & Furniture,Chair,580.04,4,0.36,23.63,-102.55
ORD-00630,2023-07-23,CUS-0202,Mexico,LATAM,Fashion,Accessories,124.48,2,-4.45,23.63,-102.55
ORD-00631,2024-07-17,CUS-0058,Singapore,APAC,Groceries,Snacks,5.34,1,0.88,1.35,103.82
ORD-00632,2023-10-13,CUS-0056,United Kingdom,Europe,Groceries,Dairy,22.16,1,3.75,55.38,-3.44
ORD-00633,2023-06-30,CUS-0188,South Africa,Africa,Home & Furniture,Chair,645.85,5,188.27,-30.56,22.94
ORD-00634,2025-06-16,CUS-0208,Germany,Europe,Home & Furniture,Storage,192.22,2,-7.26,51.17,10.45
ORD-00635,2025-10-01,CUS-0257,France,Europe,Groceries,Snacks,34.9,2,2.95,46.23,2.21
ORD-00636,2025-04-09,CUS-0266,Canada,North America,Home & Furniture,Storage,162.55,5,-9.08,56.13,-106.35
ORD-00637,2024-10-10,CUS-0369,France,Europe,Home & Furniture,Chair,330.26,2,82.0,46.23,2.21
ORD-00638,2024-03-04,CUS-0030,South Africa,Africa,Groceries,Snacks,46.72,2,13.4,-30.56,22.94
ORD-00639,2024-04-10,CUS-0265,Canada,North America,Home & Furniture,Lamp,978.65,5,44.47,56.13,-106.35
ORD-00640,2025-09-09,CUS-0330,India,APAC,Home & Furniture,Chair,296.25,5,49.21,20.59,78.96
ORD-00641,2023-03-04,CUS-0178,Mexico,LATAM,Home & Furniture,Table,156.17,1,-8.08,23.63,-102.55
ORD-00642,2024-11-24,CUS-0331,Canada,North America,Fashion,Shoes,187.9,2,0.99,56.13,-106.35
ORD-00643,2024-02-22,CUS-0023,France,Europe,Groceries,Snacks,19.64,2,5.6,46.23,2.21
ORD-00644,2023-01-09,CUS-0297,Singapore,APAC,Fashion,Shoes,113.64,2,5.09,1.35,103.82
ORD-00645,2024-08-10,CUS-0355,Japan,APAC,Home & Furniture,Table,287.3,2,-13.81,36.2,138.25
ORD-00646,2024-03-31,CUS-0186,United States,North America,Fashion,Shoes,135.57,3,33.13,37.09,-95.71
ORD-00647,2025-06-01,CUS-0342,Canada,North America,Electronics,Camera,911.07,3,218.45,56.13,-106.35
ORD-00648,2023-07-31,CUS-0004,Mexico,LATAM,Groceries,Dairy,56.68,4,16.72,23.63,-102.55
ORD-00649,2023-08-02,CUS-0139,Germany,Europe,Electronics,Phone,1125.9,3,-85.5,51.17,10.45
ORD-00650,2025-03-23,CUS-0369,France,Europe,Electronics,Phone,653.97,1,92.84,46.23,2.21
ORD-00651,2024-12-07,CUS-0368,Canada,North America,Fashion,Bag,15.0,3,1.66,56.13,-106.35
ORD-00652,2024-07-14,CUS-0084,Singapore,APAC,Fashion,Shoes,84.87,1,28.52,1.35,103.82
ORD-00653,2024-10-03,CUS-0332,France,Europe,Groceries,Beverage,6.53,1,0.95,46.23,2.21
ORD-00654,2024-03-21,CUS-0075,France,Europe,Electronics,Headphone,342.69,1,109.89,46.23,2.21
ORD-00655,2023-10-27,CUS-0046,United Kingdom,Europe,Electronics,Laptop,455.15,1,3.63,55.38,-3.44
ORD-00656,2024-10-18,CUS-0102,South Africa,Africa,Home & Furniture,Table,14.18,1,-1.17,-30.56,22.94
ORD-00657,2024-08-06,CUS-0283,India,APAC,Groceries,Snacks,84.0,5,1.07,20.59,78.96
ORD-00658,2025-05-19,CUS-0122,Japan,APAC,Electronics,Headphone,1320.25,5,226.7,36.2,138.25
ORD-00659,2025-01-24,CUS-0109,Vietnam,APAC,Groceries,Fresh Produce,97.75,5,9.83,14.06,108.28
ORD-00660,2024-11-12,CUS-0140,France,Europe,Home & Furniture,Table,163.79,1,42.24,46.23,2.21
ORD-00661,2024-05-06,CUS-0209,Canada,North America,Electronics,Headphone,815.64,2,244.31,56.13,-106.35
ORD-00662,2023-05-06,CUS-0386,South Africa,Africa,Home & Furniture,Table,248.56,2,2.24,-30.56,22.94
ORD-00663,2024-05-17,CUS-0074,Singapore,APAC,Groceries,Fresh Produce,8.5,1,-0.63,1.35,103.82
ORD-00664,2023-12-08,CUS-0063,Singapore,APAC,Fashion,Shirt,562.6,5,109.31,1.35,103.82
ORD-00665,2024-03-03,CUS-0187,Canada,North America,Home & Furniture,Lamp,648.48,4,25.5,56.13,-106.35
ORD-00666,2023-09-16,CUS-0229,Germany,Europe,Home & Furniture,Chair,685.85,5,214.83,51.17,10.45
ORD-00667,2023-01-09,CUS-0242,Canada,North America,Groceries,Fresh Produce,105.65,5,16.62,56.13,-106.35
ORD-00668,2023-02-28,CUS-0109,Vietnam,APAC,Electronics,Camera,750.51,3,179.03,14.06,108.28
ORD-00669,2025-06-06,CUS-0242,Canada,North America,Home & Furniture,Storage,75.0,1,25.71,56.13,-106.35
ORD-00670,2025-02-07,CUS-0393,United States,North America,Electronics,Laptop,352.57,1,13.32,37.09,-95.71
ORD-00671,2024-06-20,CUS-0083,Nigeria,Africa,Electronics,Camera,1947.44,4,57.4,9.08,8.68
ORD-00672,2024-09-01,CUS-0354,Germany,Europe,Home & Furniture,Table,345.26,2,3.04,51.17,10.45
ORD-00673,2025-06-29,CUS-0013,Mexico,LATAM,Groceries,Dairy,43.52,2,-0.23,23.63,-102.55
ORD-00674,2024-03-06,CUS-0273,Nigeria,Africa,Fashion,Accessories,105.98,2,33.02,9.08,8.68
ORD-00675,2023-05-08,CUS-0027,South Africa,Africa,Electronics,Laptop,975.96,3,106.85,-30.56,22.94
ORD-00676,2025-07-17,CUS-0038,Mexico,LATAM,Home & Furniture,Lamp,346.2,3,25.07,23.63,-102.55
ORD-00677,2023-04-18,CUS-0250,South Africa,Africa,Groceries,Dairy,17.97,1,5.79,-30.56,22.94
ORD-00678,2025-07-17,CUS-0047,Japan,APAC,Electronics,Headphone,383.21,1,37.97,36.2,138.25
ORD-00679,2023-05-09,CUS-0124,Vietnam,APAC,Home & Furniture,Chair,128.27,1,12.23,14.06,108.28
ORD-00680,2023-02-20,CUS-0024,South Africa,Africa,Home & Furniture,Storage,315.75,1,83.86,-30.56,22.94
ORD-00681,2023-09-25,CUS-0157,Mexico,LATAM,Electronics,Phone,1002.78,2,224.79,23.63,-102.55
ORD-00682,2024-08-03,CUS-0141,United States,North America,Electronics,Headphone,163.84,2,7.26,37.09,-95.71
ORD-00683,2025-11-10,CUS-0292,Vietnam,APAC,Fashion,Shoes,105.35,1,16.5,14.06,108.28
ORD-00684,2025-01-30,CUS-0059,Brazil,LATAM,Fashion,Shirt,12.63,1,-0.9,-14.24,-51.93
ORD-00685,2024-06-27,CUS-0257,France,Europe,Fashion,Shoes,30.41,1,2.85,46.23,2.21
ORD-00686,2025-08-29,CUS-0061,Brazil,LATAM,Electronics,Phone,380.84,4,-26.7,-14.24,-51.93
ORD-00687,2023-07-22,CUS-0125,Mexico,LATAM,Fashion,Shoes,41.9,1,3.4,23.63,-102.55
ORD-00688,2024-06-25,CUS-0271,Mexico,LATAM,Home & Furniture,Lamp,885.6,5,-66.14,23.63,-102.55
ORD-00689,2024-01-23,CUS-0317,Japan,APAC,Home & Furniture,Chair,275.89,1,36.05,36.2,138.25
ORD-00690,2023-01-31,CUS-0227,India,APAC,Electronics,Laptop,1791.46,2,-117.88,20.59,78.96
ORD-00691,2024-03-12,CUS-0147,Japan,APAC,Home & Furniture,Chair,542.84,4,41.01,36.2,138.25
ORD-00692,2024-10-20,CUS-0322,Canada,North America,Electronics,Camera,1729.53,3,155.9,56.13,-106.35
ORD-00693,2023-02-21,CUS-0205,Nigeria,Africa,Electronics,Phone,2547.35,5,320.53,9.08,8.68
ORD-00694,2025-02-08,CUS-0342,Canada,North America,Home & Furniture,Chair,570.95,5,-10.03,56.13,-106.35
ORD-00695,2024-12-24,CUS-0047,Japan,APAC,Home & Furniture,Storage,163.27,1,-11.51,36.2,138.25
ORD-00696,2023-10-07,CUS-0095,United States,North America,Fashion,Bag,94.28,2,8.98,37.09,-95.71
ORD-00697,2023-07-08,CUS-0045,India,APAC,Fashion,Shirt,144.56,4,-6.9,20.59,78.96
ORD-00698,2024-01-19,CUS-0320,India,APAC,Fashion,Bag,105.56,2,21.07,20.59,78.96
ORD-00699,2024-06-16,CUS-0274,Japan,APAC,Electronics,Headphone,1067.37,3,2.55,36.2,138.25
ORD-00700,2023-12-03,CUS-0100,Brazil,LATAM,Electronics,Phone,1912.4,4,368.85,-14.24,-51.93
ORD-00701,2023-03-24,CUS-0171,Germany,Europe,Groceries,Snacks,49.0,4,16.79,51.17,10.45
ORD-00702,2023-10-24,CUS-0244,United States,North America,Electronics,Laptop,176.15,1,48.53,37.09,-95.71
ORD-00703,2024-06-04,CUS-0307,Vietnam,APAC,Home & Furniture,Lamp,431.02,2,-15.92,14.06,108.28
ORD-00704,2024-06-09,CUS-0041,South Africa,Africa,Groceries,Snacks,25.03,1,6.66,-30.56,22.94
ORD-00705,2024-07-20,CUS-0120,Vietnam,APAC,Groceries,Snacks,19.28,2,-0.08,14.06,108.28
ORD-00706,2025-03-28,CUS-0309,Vietnam,APAC,Groceries,Snacks,75.44,4,1.07,14.06,108.28
ORD-00707,2023-09-22,CUS-0161,South Africa,Africa,Electronics,Camera,1025.76,4,242.86,-30.56,22.94
ORD-00708,2023-09-08,CUS-0329,France,Europe,Groceries,Dairy,23.14,1,4.36,46.23,2.21
ORD-00709,2023-12-26,CUS-0199,Vietnam,APAC,Fashion,Bag,327.85,5,83.62,14.06,108.28
ORD-00710,2025-10-01,CUS-0072,Vietnam,APAC,Home & Furniture,Chair,428.04,4,92.79,14.06,108.28
ORD-00711,2024-07-26,CUS-0307,Vietnam,APAC,Home & Furniture,Table,658.26,3,84.62,14.06,108.28
ORD-00712,2023-12-30,CUS-0342,Canada,North America,Fashion,Shoes,189.52,4,-15.74,56.13,-106.35
ORD-00713,2023-06-20,CUS-0019,Japan,APAC,Fashion,Accessories,341.68,4,75.67,36.2,138.25
ORD-00714,2024-12-30,CUS-0336,Japan,APAC,Groceries,Dairy,10.0,2,2.71,36.2,138.25
ORD-00715,2023-04-24,CUS-0033,Nigeria,Africa,Electronics,Camera,1561.8,3,413.4,9.08,8.68
ORD-00716,2023-11-25,CUS-0136,Singapore,APAC,Groceries,Beverage,8.85,1,-0.04,1.35,103.82
ORD-00717,2024-07-02,CUS-0235,France,Europe,Electronics,Headphone,2387.32,4,560.99,46.23,2.21
ORD-00718,2023-09-30,CUS-0064,India,APAC,Groceries,Snacks,8.77,1,0.86,20.59,78.96
ORD-00719,2023-02-06,CUS-0029,Vietnam,APAC,Groceries,Fresh Produce,64.29,3,-5.74,14.06,108.28
ORD-00720,2024-06-12,CUS-0333,India,APAC,Fashion,Shirt,190.8,4,22.44,20.59,78.96
ORD-00721,2023-03-31,CUS-0258,Mexico,LATAM,Fashion,Accessories,209.4,5,7.24,23.63,-102.55
ORD-00722,2023-11-21,CUS-0030,South Africa,Africa,Electronics,Laptop,2816.05,5,-60.33,-30.56,22.94
ORD-00723,2025-06-01,CUS-0047,Japan,APAC,Home & Furniture,Storage,458.88,3,68.83,36.2,138.25
ORD-00724,2024-10-18,CUS-0195,Germany,Europe,Electronics,Laptop,1151.12,2,267.36,51.17,10.45
ORD-00725,2025-07-04,CUS-0147,Japan,APAC,Groceries,Dairy,102.15,5,24.3,36.2,138.25
ORD-00726,2024-04-18,CUS-0091,Germany,Europe,Groceries,Beverage,21.65,1,-1.84,51.17,10.45
ORD-00727,2024-05-16,CUS-0206,United Kingdom,Europe,Groceries,Dairy,51.72,3,7.72,55.38,-3.44
ORD-00728,2024-03-10,CUS-0019,Japan,APAC,Electronics,Camera,418.68,1,134.04,36.2,138.25
ORD-00729,2024-06-09,CUS-0107,Nigeria,Africa,Fashion,Accessories,294.48,4,-7.72,9.08,8.68
ORD-00730,2023-07-22,CUS-0223,India,APAC,Fashion,Bag,68.52,1,-2.89,20.59,78.96
ORD-00731,2023-08-17,CUS-0076,India,APAC,Electronics,Camera,2369.8,5,180.56,20.59,78.96
ORD-00732,2024-11-16,CUS-0188,South Africa,Africa,Electronics,Phone,2113.9,5,604.71,-30.56,22.94
ORD-00733,2023-12-16,CUS-0285,India,APAC,Fashion,Shirt,43.3,5,-3.85,20.59,78.96
ORD-00734,2023-07-11,CUS-0257,France,Europe,Groceries,Fresh Produce,72.36,4,23.27,46.23,2.21
ORD-00735,2025-04-11,CUS-0313,Mexico,LATAM,Fashion,Bag,281.0,5,46.08,23.63,-102.55
ORD-00736,2024-01-01,CUS-0386,South Africa,Africa,Electronics,Headphone,1084.8,2,163.29,-30.56,22.94
ORD-00737,2023-04-18,CUS-0350,United States,North America,Fashion,Bag,329.64,3,56.88,37.09,-95.71
ORD-00738,2023-04-11,CUS-0062,United States,North America,Fashion,Shirt,241.25,5,42.59,37.09,-95.71
ORD-00739,2024-02-28,CUS-0307,Vietnam,APAC,Home & Furniture,Storage,812.45,5,160.58,14.06,108.28
ORD-00740,2024-01-17,CUS-0107,Nigeria,Africa,Groceries,Beverage,53.68,4,-0.69,9.08,8.68
ORD-00741,2023-08-20,CUS-0146,Mexico,LATAM,Fashion,Bag,416.1,5,80.81,23.63,-102.55
ORD-00742,2024-05-03,CUS-0004,Mexico,LATAM,Electronics,Camera,2187.25,5,590.98,23.63,-102.55
ORD-00743,2023-09-22,CUS-0400,Vietnam,APAC,Groceries,Fresh Produce,48.72,3,13.74,14.06,108.28
ORD-00744,2024-10-17,CUS-0381,India,APAC,Home & Furniture,Chair,272.0,5,31.39,20.59,78.96
ORD-00745,2025-02-03,CUS-0193,Mexico,LATAM,Groceries,Snacks,21.12,1,4.35,23.63,-102.55
ORD-00746,2023-07-14,CUS-0049,Japan,APAC,Fashion,Shirt,137.84,4,5.82,36.2,138.25
ORD-00747,2024-08-18,CUS-0081,India,APAC,Fashion,Bag,91.77,3,11.87,20.59,78.96
ORD-00748,2023-07-29,CUS-0029,Vietnam,APAC,Electronics,Laptop,303.91,1,21.77,14.06,108.28
ORD-00749,2025-01-01,CUS-0236,Vietnam,APAC,Electronics,Laptop,982.7,2,290.85,14.06,108.28
ORD-00750,2024-02-01,CUS-0327,Mexico,LATAM,Home & Furniture,Lamp,972.55,5,-41.01,23.63,-102.55
ORD-00751,2024-07-28,CUS-0055,India,APAC,Electronics,Laptop,206.53,1,17.53,20.59,78.96
ORD-00752,2023-07-12,CUS-0297,Singapore,APAC,Home & Furniture,Chair,452.12,4,53.02,1.35,103.82
ORD-00753,2023-06-24,CUS-0269,United Kingdom,Europe,Groceries,Snacks,9.43,1,3.14,55.38,-3.44
ORD-00754,2025-08-21,CUS-0387,Nigeria,Africa,Fashion,Bag,87.06,1,7.15,9.08,8.68
ORD-00755,2024-12-16,CUS-0304,United Kingdom,Europe,Fashion,Shirt,145.74,2,38.11,55.38,-3.44
ORD-00756,2024-05-05,CUS-0138,Germany,Europe,Fashion,Shirt,93.54,3,7.74,51.17,10.45
ORD-00757,2023-12-05,CUS-0357,Vietnam,APAC,Fashion,Shirt,341.9,5,-18.96,14.06,108.28
ORD-00758,2025-03-09,CUS-0082,Canada,North America,Fashion,Bag,122.36,2,26.59,56.13,-106.35
ORD-00759,2025-01-12,CUS-0033,Nigeria,Africa,Home & Furniture,Chair,203.0,4,38.42,9.08,8.68
ORD-00760,2024-03-31,CUS-0086,South Africa,Africa,Fashion,Bag,103.56,2,0.87,-30.56,22.94
ORD-00761,2024-07-04,CUS-0075,France,Europe,Home & Furniture,Chair,207.55,5,68.11,46.23,2.21
ORD-00762,2023-11-27,CUS-0017,France,Europe,Fashion,Shirt,165.86,2,0.56,46.23,2.21
ORD-00763,2025-04-22,CUS-0246,Vietnam,APAC,Home & Furniture,Chair,139.56,2,33.96,14.06,108.28
ORD-00764,2024-12-04,CUS-0345,United Kingdom,Europe,Fashion,Bag,179.85,3,-16.52,55.38,-3.44
ORD-00765,2024-01-04,CUS-0110,United Kingdom,Europe,Home & Furniture,Storage,397.12,2,137.09,55.38,-3.44
ORD-00766,2025-09-08,CUS-0085,Brazil,LATAM,Groceries,Fresh Produce,12.81,1,1.99,-14.24,-51.93
ORD-00767,2024-08-04,CUS-0005,France,Europe,Home & Furniture,Chair,309.75,3,9.15,46.23,2.21
ORD-00768,2023-11-18,CUS-0125,Mexico,LATAM,Home & Furniture,Chair,136.01,1,1.19,23.63,-102.55
ORD-00769,2023-11-14,CUS-0132,Germany,Europe,Fashion,Bag,216.69,3,44.43,51.17,10.45
ORD-00770,2023-11-14,CUS-0059,Brazil,LATAM,Electronics,Headphone,1264.89,3,435.14,-14.24,-51.93
ORD-00771,2023-08-21,CUS-0321,France,Europe,Fashion,Accessories,56.92,1,13.02,46.23,2.21
ORD-00772,2023-12-04,CUS-0341,Singapore,APAC,Fashion,Shirt,60.3,1,19.37,1.35,103.82
ORD-00773,2023-08-01,CUS-0122,Japan,APAC,Fashion,Shoes,207.9,5,6.3,36.2,138.25
ORD-00774,2023-12-14,CUS-0216,Brazil,LATAM,Fashion,Bag,324.85,5,98.8,-14.24,-51.93
ORD-00775,2024-06-27,CUS-0012,Mexico,LATAM,Electronics,Camera,997.1,2,261.18,23.63,-102.55
ORD-00776,2023-05-04,CUS-0034,South Africa,Africa,Groceries,Snacks,96.1,5,13.17,-30.56,22.94
ORD-00777,2024-05-25,CUS-0253,Germany,Europe,Electronics,Camera,938.02,2,-91.56,51.17,10.45
ORD-00778,2024-11-10,CUS-0114,Vietnam,APAC,Fashion,Accessories,229.36,4,59.94,14.06,108.28
ORD-00779,2025-09-15,CUS-0222,United Kingdom,Europe,Home & Furniture,Table,134.52,1,6.38,55.38,-3.44
ORD-00780,2023-01-12,CUS-0373,United States,North America,Fashion,Shoes,30.64,1,6.53,37.09,-95.71
ORD-00781,2023-04-09,CUS-0182,Singapore,APAC,Home & Furniture,Table,884.65,5,-77.94,1.35,103.82
ORD-00782,2025-03-04,CUS-0265,Canada,North America,Groceries,Dairy,95.85,5,32.23,56.13,-106.35
ORD-00783,2025-07-05,CUS-0050,Germany,Europe,Fashion,Accessories,123.74,2,-0.8,51.17,10.45
ORD-00784,2023-06-01,CUS-0301,Germany,Europe,Groceries,Beverage,35.7,3,4.6,51.17,10.45
ORD-00785,2023-06-23,CUS-0170,Germany,Europe,Groceries,Beverage,56.73,3,-2.98,51.17,10.45
ORD-00786,2024-06-30,CUS-0382,Japan,APAC,Fashion,Accessories,407.2,5,106.44,36.2,138.25
ORD-00787,2024-06-01,CUS-0365,Canada,North America,Home & Furniture,Table,236.0,2,63.65,56.13,-106.35
ORD-00788,2023-01-29,CUS-0173,Mexico,LATAM,Groceries,Dairy,83.58,3,23.01,23.63,-102.55
ORD-00789,2023-02-16,CUS-0074,Singapore,APAC,Fashion,Shirt,36.85,1,12.89,1.35,103.82
ORD-00790,2024-01-10,CUS-0024,South Africa,Africa,Electronics,Camera,1448.28,3,-42.94,-30.56,22.94
ORD-00791,2023-06-24,CUS-0308,Singapore,APAC,Groceries,Beverage,87.42,3,-2.42,1.35,103.82
ORD-00792,2024-01-26,CUS-0243,Germany,Europe,Home & Furniture,Chair,507.1,5,-30.26,51.17,10.45
ORD-00793,2023-09-08,CUS-0019,Japan,APAC,Groceries,Dairy,54.3,5,6.76,36.2,138.25
ORD-00794,2024-02-29,CUS-0170,Germany,Europe,Groceries,Snacks,20.0,4,1.15,51.17,10.45
ORD-00795,2024-10-08,CUS-0215,Japan,APAC,Groceries,Dairy,96.4,5,10.89,36.2,138.25
ORD-00796,2023-05-07,CUS-0252,Canada,North America,Fashion,Shoes,69.18,1,19.93,56.13,-106.35
ORD-00797,2023-10-07,CUS-0028,United States,North America,Home & Furniture,Chair,714.95,5,-54.43,37.09,-95.71
ORD-00798,2023-04-04,CUS-0348,India,APAC,Electronics,Laptop,505.43,1,107.49,20.59,78.96
ORD-00799,2023-06-02,CUS-0055,India,APAC,Electronics,Phone,2506.75,5,834.71,20.59,78.96
ORD-00800,2023-03-30,CUS-0223,India,APAC,Fashion,Shirt,90.2,4,2.42,20.59,78.96
ORD-00801,2024-12-23,CUS-0012,Mexico,LATAM,Fashion,Shirt,258.95,5,3.0,23.63,-102.55
ORD-00802,2025-06-04,CUS-0009,Brazil,LATAM,Fashion,Bag,61.61,1,20.95,-14.24,-51.93
ORD-00803,2024-10-01,CUS-0068,South Africa,Africa,Fashion,Shirt,84.38,1,14.2,-30.56,22.94
ORD-00804,2023-05-17,CUS-0125,Mexico,LATAM,Electronics,Phone,1878.3,5,620.15,23.63,-102.55
ORD-00805,2024-10-21,CUS-0338,Nigeria,Africa,Groceries,Dairy,14.81,1,2.05,9.08,8.68
ORD-00806,2023-12-05,CUS-0021,United States,North America,Groceries,Snacks,83.55,5,2.37,37.09,-95.71
ORD-00807,2024-09-19,CUS-0053,Germany,Europe,Fashion,Shoes,272.0,4,71.03,51.17,10.45
ORD-00808,2025-08-04,CUS-0396,Vietnam,APAC,Electronics,Camera,337.44,4,83.49,14.06,108.28
ORD-00809,2024-01-17,CUS-0093,United Kingdom,Europe,Electronics,Phone,2753.8,5,279.99,55.38,-3.44
ORD-00810,2023-03-13,CUS-0220,Canada,North America,Fashion,Shirt,185.45,5,5.99,56.13,-106.35
ORD-00811,2024-02-05,CUS-0156,Germany,Europe,Home & Furniture,Table,343.9,2,83.66,51.17,10.45
ORD-00812,2024-10-03,CUS-0325,France,Europe,Groceries,Fresh Produce,13.9,1,2.71,46.23,2.21
ORD-00813,2024-09-11,CUS-0282,Japan,APAC,Electronics,Headphone,1234.77,3,15.36,36.2,138.25
ORD-00814,2023-07-12,CUS-0330,India,APAC,Fashion,Shirt,180.78,3,33.7,20.59,78.96
ORD-00815,2024-11-20,CUS-0060,United Kingdom,Europe,Home & Furniture,Storage,961.95,5,-81.13,55.38,-3.44
ORD-00816,2025-05-07,CUS-0128,Germany,Europe,Electronics,Laptop,967.6,5,141.25,51.17,10.45
ORD-00817,2025-01-26,CUS-0098,United States,North America,Fashion,Shirt,197.64,2,0.49,37.09,-95.71
ORD-00818,2025-02-10,CUS-0078,Canada,North America,Home & Furniture,Table,533.13,3,-44.77,56.13,-106.35
ORD-00819,2024-12-01,CUS-0243,Germany,Europe,Fashion,Shoes,293.48,4,-0.15,51.17,10.45
ORD-00820,2023-05-22,CUS-0175,India,APAC,Fashion,Bag,138.52,2,22.64,20.59,78.96
ORD-00821,2025-03-31,CUS-0260,Canada,North America,Home & Furniture,Table,589.22,2,-55.72,56.13,-106.35
ORD-00822,2024-03-21,CUS-0074,Singapore,APAC,Home & Furniture,Chair,224.97,1,43.12,1.35,103.82
ORD-00823,2025-04-04,CUS-0108,Nigeria,Africa,Electronics,Phone,1603.64,4,357.21,9.08,8.68
ORD-00824,2023-08-25,CUS-0048,United States,North America,Electronics,Headphone,274.45,1,88.97,37.09,-95.71
ORD-00825,2023-05-22,CUS-0172,Nigeria,Africa,Fashion,Bag,62.66,2,0.84,9.08,8.68
ORD-00826,2024-07-08,CUS-0276,South Africa,Africa,Fashion,Shirt,49.14,2,11.32,-30.56,22.94
ORD-00827,2024-08-22,CUS-0320,India,APAC,Electronics,Camera,394.54,1,-8.64,20.59,78.96
ORD-00828,2023-01-19,CUS-0054,Singapore,APAC,Home & Furniture,Lamp,166.56,1,2.0,1.35,103.82
ORD-00829,2023-06-30,CUS-0235,France,Europe,Home & Furniture,Chair,273.63,3,41.13,46.23,2.21
ORD-00830,2025-03-16,CUS-0012,Mexico,LATAM,Fashion,Bag,345.32,4,13.46,23.63,-102.55
ORD-00831,2025-07-22,CUS-0365,Canada,North America,Electronics,Headphone,778.46,2,173.2,56.13,-106.35
ORD-00832,2024-11-14,CUS-0180,Canada,North America,Fashion,Accessories,17.96,2,2.67,56.13,-106.35
ORD-00833,2024-05-26,CUS-0088,Brazil,LATAM,Fashion,Shoes,185.55,3,-15.51,-14.24,-51.93
ORD-00834,2023-11-20,CUS-0172,Nigeria,Africa,Electronics,Phone,1023.45,3,75.16,9.08,8.68
ORD-00835,2024-01-30,CUS-0317,Japan,APAC,Home & Furniture,Storage,223.7,5,-18.15,36.2,138.25
ORD-00836,2023-01-16,CUS-0333,India,APAC,Electronics,Camera,873.62,2,302.72,20.59,78.96
ORD-00837,2024-02-27,CUS-0032,Canada,North America,Electronics,Laptop,1975.8,5,-140.24,56.13,-106.35
ORD-00838,2025-05-09,CUS-0220,Canada,North America,Home & Furniture,Chair,590.46,3,61.07,56.13,-106.35
ORD-00839,2025-04-07,CUS-0157,Mexico,LATAM,Groceries,Beverage,29.97,3,-0.92,23.63,-102.55
ORD-00840,2023-02-04,CUS-0239,Singapore,APAC,Home & Furniture,Lamp,419.44,2,-40.57,1.35,103.82
ORD-00841,2025-08-02,CUS-0390,Japan,APAC,Fashion,Shirt,192.12,4,-18.37,36.2,138.25
ORD-00842,2023-01-23,CUS-0009,Brazil,LATAM,Groceries,Snacks,90.2,5,16.5,-14.24,-51.93
ORD-00843,2024-10-10,CUS-0041,South Africa,Africa,Home & Furniture,Table,819.3,5,128.53,-30.56,22.94
ORD-00844,2023-01-06,CUS-0240,Singapore,APAC,Electronics,Headphone,2310.48,4,-118.46,1.35,103.82
ORD-00845,2023-03-25,CUS-0141,United States,North America,Fashion,Bag,492.25,5,102.86,37.09,-95.71
ORD-00846,2025-08-06,CUS-0225,Vietnam,APAC,Home & Furniture,Storage,500.68,4,75.4,14.06,108.28
ORD-00847,2024-08-13,CUS-0318,Japan,APAC,Electronics,Headphone,1810.2,4,-24.59,36.2,138.25
ORD-00848,2024-11-16,CUS-0379,Nigeria,Africa,Electronics,Headphone,1529.73,3,225.28,9.08,8.68
ORD-00849,2023-11-08,CUS-0068,South Africa,Africa,Electronics,Headphone,2160.2,4,39.06,-30.56,22.94
ORD-00850,2023-10-17,CUS-0201,United Kingdom,Europe,Electronics,Camera,1618.2,4,339.34,55.38,-3.44
ORD-00851,2023-10-13,CUS-0373,United States,North America,Electronics,Headphone,197.67,1,13.49,37.09,-95.71
ORD-00852,2024-09-18,CUS-0180,Canada,North America,Home & Furniture,Storage,161.97,1,22.59,56.13,-106.35
ORD-00853,2024-07-19,CUS-0020,Canada,North America,Electronics,Headphone,1476.81,3,290.23,56.13,-106.35
ORD-00854,2023-12-28,CUS-0051,United States,North America,Groceries,Fresh Produce,77.35,5,-6.29,37.09,-95.71
ORD-00855,2024-07-08,CUS-0026,Singapore,APAC,Home & Furniture,Table,206.33,1,-7.14,1.35,103.82
ORD-00856,2024-04-07,CUS-0264,Singapore,APAC,Electronics,Laptop,1021.2,4,335.88,1.35,103.82
ORD-00857,2023-10-11,CUS-0034,South Africa,Africa,Fashion,Shoes,217.5,3,68.54,-30.56,22.94
ORD-00858,2023-09-03,CUS-0053,Germany,Europe,Fashion,Accessories,293.84,4,-25.35,51.17,10.45
ORD-00859,2024-10-04,CUS-0265,Canada,North America,Groceries,Beverage,16.15,1,-0.13,56.13,-106.35
ORD-00860,2024-03-24,CUS-0343,Japan,APAC,Home & Furniture,Storage,1229.5,5,321.03,36.2,138.25
ORD-00861,2024-05-20,CUS-0243,Germany,Europe,Electronics,Camera,1012.95,3,269.89,51.17,10.45
ORD-00862,2023-04-19,CUS-0150,United States,North America,Fashion,Shoes,170.94,2,54.49,37.09,-95.71
ORD-00863,2024-02-23,CUS-0365,Canada,North America,Electronics,Laptop,332.0,4,114.11,56.13,-106.35
ORD-00864,2025-04-21,CUS-0136,Singapore,APAC,Groceries,Dairy,25.0,5,5.59,1.35,103.82
ORD-00865,2024-04-20,CUS-0368,Canada,North America,Groceries,Beverage,20.26,1,5.23,56.13,-106.35
ORD-00866,2025-05-25,CUS-0183,Brazil,LATAM,Home & Furniture,Storage,504.02,2,-11.78,-14.24,-51.93
ORD-00867,2024-05-21,CUS-0102,South Africa,Africa,Groceries,Dairy,8.27,1,1.56,-30.56,22.94
ORD-00868,2023-04-02,CUS-0331,Canada,North America,Electronics,Laptop,828.87,3,41.51,56.13,-106.35
ORD-00869,2023-09-17,CUS-0273,Nigeria,Africa,Fashion,Bag,306.08,4,75.54,9.08,8.68
ORD-00870,2023-01-06,CUS-0273,Nigeria,Africa,Electronics,Camera,299.35,1,-4.14,9.08,8.68
ORD-00871,2023-01-01,CUS-0361,Canada,North America,Home & Furniture,Table,772.6,4,131.1,56.13,-106.35
ORD-00872,2023-10-21,CUS-0112,United Kingdom,Europe,Home & Furniture,Lamp,497.1,5,74.41,55.38,-3.44
ORD-00873,2023-08-12,CUS-0397,United States,North America,Fashion,Bag,147.04,2,24.29,37.09,-95.71
ORD-00874,2023-12-29,CUS-0033,Nigeria,Africa,Electronics,Camera,15.0,3,3.47,9.08,8.68
ORD-00875,2023-06-06,CUS-0362,Germany,Europe,Groceries,Fresh Produce,18.09,3,3.81,51.17,10.45
ORD-00876,2023-11-15,CUS-0240,Singapore,APAC,Home & Furniture,Chair,762.8,5,78.28,1.35,103.82
ORD-00877,2023-08-05,CUS-0277,Mexico,LATAM,Home & Furniture,Chair,558.75,3,192.93,23.63,-102.55
ORD-00878,2025-02-14,CUS-0360,Japan,APAC,Home & Furniture,Storage,463.17,3,15.47,36.2,138.25
ORD-00879,2023-08-11,CUS-0133,United Kingdom,Europe,Electronics,Camera,405.91,1,-36.26,55.38,-3.44
ORD-00880,2025-02-25,CUS-0326,India,APAC,Fashion,Shirt,353.85,5,61.9,20.59,78.96
ORD-00881,2024-04-25,CUS-0044,Germany,Europe,Fashion,Shoes,532.25,5,156.52,51.17,10.45
ORD-00882,2023-06-18,CUS-0230,Singapore,APAC,Groceries,Dairy,15.18,2,1.85,1.35,103.82
ORD-00883,2024-01-05,CUS-0278,India,APAC,Electronics,Headphone,253.52,1,82.75,20.59,78.96
ORD-00884,2023-03-10,CUS-0027,South Africa,Africa,Fashion,Shoes,179.94,3,-1.15,-30.56,22.94
ORD-00885,2023-05-12,CUS-0142,Japan,APAC,Home & Furniture,Storage,936.52,4,317.67,36.2,138.25
ORD-00886,2024-01-26,CUS-0386,South Africa,Africa,Home & Furniture,Table,512.82,3,88.15,-30.56,22.94
ORD-00887,2025-03-21,CUS-0129,Brazil,LATAM,Electronics,Phone,567.53,1,156.62,-14.24,-51.93
ORD-00888,2024-12-17,CUS-0364,Canada,North America,Home & Furniture,Storage,574.2,4,-39.49,56.13,-106.35
ORD-00889,2024-10-02,CUS-0367,Japan,APAC,Home & Furniture,Table,962.16,3,81.06,36.2,138.25
ORD-00890,2025-05-17,CUS-0210,France,Europe,Electronics,Camera,1918.14,3,382.02,46.23,2.21
ORD-00891,2023-01-08,CUS-0242,Canada,North America,Groceries,Snacks,28.86,3,6.04,56.13,-106.35
ORD-00892,2024-10-13,CUS-0091,Germany,Europe,Groceries,Dairy,46.4,4,-1.35,51.17,10.45
ORD-00893,2023-08-16,CUS-0020,Canada,North America,Electronics,Phone,3411.95,5,-14.07,56.13,-106.35
ORD-00894,2025-05-19,CUS-0383,Vietnam,APAC,Fashion,Shirt,92.51,1,1.7,14.06,108.28
ORD-00895,2023-02-14,CUS-0342,Canada,North America,Electronics,Camera,184.32,1,28.23,56.13,-106.35
ORD-00896,2023-06-08,CUS-0242,Canada,North America,Electronics,Laptop,332.58,1,90.24,56.13,-106.35
ORD-00897,2025-03-25,CUS-0219,Mexico,LATAM,Electronics,Phone,2030.55,3,456.28,23.63,-102.55
ORD-00898,2023-06-17,CUS-0325,France,Europe,Electronics,Phone,931.77,3,28.93,46.23,2.21
ORD-00899,2024-12-31,CUS-0266,Canada,North America,Electronics,Phone,2043.05,5,-39.57,56.13,-106.35
ORD-00900,2025-07-25,CUS-0254,India,APAC,Electronics,Phone,2097.5,5,687.0,20.59,78.96
ORD-00901,2024-07-18,CUS-0399,South Africa,Africa,Groceries,Beverage,16.3,1,-0.03,-30.56,22.94
ORD-00902,2024-04-16,CUS-0084,Singapore,APAC,Home & Furniture,Chair,570.6,3,16.02,1.35,103.82
ORD-00903,2024-05-15,CUS-0218,France,Europe,Fashion,Shirt,120.0,4,13.33,46.23,2.21
ORD-00904,2023-03-18,CUS-0210,France,Europe,Fashion,Bag,6.99,1,2.28,46.23,2.21
ORD-00905,2025-07-17,CUS-0146,Mexico,LATAM,Home & Furniture,Table,668.0,4,93.73,23.63,-102.55
ORD-00906,2023-11-20,CUS-0091,Germany,Europe,Fashion,Shoes,251.4,3,-7.51,51.17,10.45
ORD-00907,2023-02-21,CUS-0065,South Africa,Africa,Groceries,Dairy,31.95,3,-1.12,-30.56,22.94
ORD-00908,2025-02-09,CUS-0213,United States,North America,Electronics,Laptop,1386.65,5,179.7,37.09,-95.71
ORD-00909,2023-02-27,CUS-0168,India,APAC,Home & Furniture,Storage,763.05,5,1.93,20.59,78.96
ORD-00910,2023-12-04,CUS-0061,Brazil,LATAM,Electronics,Phone,1184.25,3,399.53,-14.24,-51.93
ORD-00911,2023-09-29,CUS-0337,United Kingdom,Europe,Electronics,Laptop,2671.65,5,197.43,55.38,-3.44
ORD-00912,2023-08-22,CUS-0163,Japan,APAC,Groceries,Beverage,106.05,5,34.08,36.2,138.25
ORD-00913,2023-03-26,CUS-0205,Nigeria,Africa,Home & Furniture,Lamp,224.67,3,31.19,9.08,8.68
ORD-00914,2024-10-27,CUS-0263,India,APAC,Electronics,Phone,804.92,2,54.75,20.59,78.96
ORD-00915,2023-12-08,CUS-0252,Canada,North America,Groceries,Beverage,18.72,2,-1.47,56.13,-106.35
ORD-00916,2024-08-25,CUS-0091,Germany,Europe,Electronics,Camera,4132.25,5,377.06,51.17,10.45
ORD-00917,2023-01-21,CUS-0130,United Kingdom,Europe,Groceries,Dairy,103.35,5,34.42,55.38,-3.44
ORD-00918,2023-12-18,CUS-0224,Vietnam,APAC,Home & Furniture,Lamp,237.45,3,72.45,14.06,108.28
ORD-00919,2024-11-16,CUS-0164,Germany,Europe,Groceries,Fresh Produce,60.12,4,6.19,51.17,10.45
ORD-00920,2023-05-09,CUS-0010,Japan,APAC,Fashion,Shirt,62.86,2,7.82,36.2,138.25
ORD-00921,2024-03-20,CUS-0341,Singapore,APAC,Groceries,Dairy,53.35,5,17.86,1.35,103.82
ORD-00922,2024-11-28,CUS-0088,Brazil,LATAM,Fashion,Shirt,170.1,5,40.11,-14.24,-51.93
ORD-00923,2023-11-01,CUS-0018,France,Europe,Fashion,Bag,442.25,5,8.59,46.23,2.21
ORD-00924,2023-10-27,CUS-0298,Germany,Europe,Fashion,Shoes,276.88,4,3.15,51.17,10.45
ORD-00925,2025-03-20,CUS-0318,Japan,APAC,Electronics,Phone,421.41,1,96.73,36.2,138.25
ORD-00926,2024-10-05,CUS-0331,Canada,North America,Groceries,Dairy,26.7,3,5.52,56.13,-106.35
ORD-00927,2024-08-26,CUS-0327,Mexico,LATAM,Groceries,Beverage,114.75,5,-8.78,23.63,-102.55
ORD-00928,2023-01-15,CUS-0050,Germany,Europe,Fashion,Shirt,249.88,4,79.11,51.17,10.45
ORD-00929,2024-05-12,CUS-0249,United States,North America,Electronics,Headphone,285.16,1,43.33,37.09,-95.71
ORD-00930,2024-05-02,CUS-0202,Mexico,LATAM,Groceries,Fresh Produce,76.28,4,-6.87,23.63,-102.55
ORD-00931,2023-07-20,CUS-0090,France,Europe,Fashion,Shoes,231.36,3,78.89,46.23,2.21
ORD-00932,2025-01-04,CUS-0018,France,Europe,Home & Furniture,Storage,782.12,4,-72.95,46.23,2.21
ORD-00933,2024-08-17,CUS-0321,France,Europe,Fashion,Bag,370.2,4,30.75,46.23,2.21
ORD-00934,2024-10-31,CUS-0081,India,APAC,Electronics,Camera,323.4,5,91.22,20.59,78.96
ORD-00935,2023-08-28,CUS-0262,United States,North America,Fashion,Shoes,79.9,2,1.42,37.09,-95.71
ORD-00936,2024-02-09,CUS-0215,Japan,APAC,Electronics,Camera,1476.99,3,299.87,36.2,138.25
ORD-00937,2025-03-11,CUS-0031,Brazil,LATAM,Fashion,Bag,145.36,4,34.41,-14.24,-51.93
ORD-00938,2023-01-21,CUS-0180,Canada,North America,Fashion,Shirt,178.1,5,56.72,56.13,-106.35
ORD-00939,2023-04-20,CUS-0032,Canada,North America,Home & Furniture,Lamp,281.62,1,18.36,56.13,-106.35
ORD-00940,2024-03-15,CUS-0015,United States,North America,Home & Furniture,Storage,142.94,1,39.43,37.09,-95.71
ORD-00941,2023-03-27,CUS-0108,Nigeria,Africa,Electronics,Phone,1590.15,5,325.5,9.08,8.68
ORD-00942,2024-05-13,CUS-0396,Vietnam,APAC,Electronics,Camera,988.64,2,137.04,14.06,108.28
ORD-00943,2024-12-29,CUS-0282,Japan,APAC,Fashion,Shoes,163.88,4,55.71,36.2,138.25
ORD-00944,2024-03-08,CUS-0338,Nigeria,Africa,Electronics,Headphone,2237.8,5,115.37,9.08,8.68
ORD-00945,2024-04-11,CUS-0202,Mexico,LATAM,Groceries,Fresh Produce,54.35,5,4.17,23.63,-102.55
ORD-00946,2024-07-31,CUS-0383,Vietnam,APAC,Groceries,Fresh Produce,5.0,1,0.81,14.06,108.28
ORD-00947,2023-09-06,CUS-0145,Canada,North America,Home & Furniture,Lamp,604.3,5,188.24,56.13,-106.35
ORD-00948,2024-10-25,CUS-0123,Japan,APAC,Groceries,Fresh Produce,58.92,3,-5.04,36.2,138.25
ORD-00949,2023-05-11,CUS-0287,Vietnam,APAC,Groceries,Dairy,54.24,4,-5.22,14.06,108.28
ORD-00950,2023-10-09,CUS-0290,Singapore,APAC,Groceries,Fresh Produce,35.36,2,10.71,1.35,103.82
ORD-00951,2025-05-25,CUS-0282,Japan,APAC,Fashion,Bag,72.36,4,-6.86,36.2,138.25
ORD-00952,2024-12-11,CUS-0174,Nigeria,Africa,Home & Furniture,Lamp,1022.95,5,133.41,9.08,8.68
ORD-00953,2023-08-31,CUS-0164,Germany,Europe,Home & Furniture,Table,967.72,4,-43.88,51.17,10.45
ORD-00954,2024-02-12,CUS-0306,South Africa,Africa,Fashion,Bag,288.88,4,98.89,-30.56,22.94
ORD-00955,2024-03-20,CUS-0231,Japan,APAC,Fashion,Shoes,110.39,1,9.66,36.2,138.25
ORD-00956,2025-10-30,CUS-0371,Mexico,LATAM,Home & Furniture,Chair,144.99,1,5.24,23.63,-102.55
ORD-00957,2023-11-04,CUS-0337,United Kingdom,Europe,Home & Furniture,Storage,524.56,4,75.39,55.38,-3.44
ORD-00958,2024-04-03,CUS-0163,Japan,APAC,Groceries,Beverage,82.15,5,19.67,36.2,138.25
ORD-00959,2023-04-14,CUS-0027,South Africa,Africa,Home & Furniture,Chair,1068.0,4,-47.54,-30.56,22.94
ORD-00960,2023-09-24,CUS-0260,Canada,North America,Electronics,Laptop,1194.32,4,357.92,56.13,-106.35
ORD-00961,2023-02-19,CUS-0120,Vietnam,APAC,Electronics,Camera,1875.84,4,164.46,14.06,108.28
ORD-00962,2025-04-15,CUS-0252,Canada,North America,Home & Furniture,Storage,182.65,1,16.13,56.13,-106.35
ORD-00963,2024-02-11,CUS-0385,South Africa,Africa,Home & Furniture,Storage,315.78,2,35.11,-30.56,22.94
ORD-00964,2024-01-23,CUS-0294,South Africa,Africa,Fashion,Shoes,180.92,4,-6.08,-30.56,22.94
ORD-00965,2023-01-18,CUS-0047,Japan,APAC,Fashion,Accessories,161.25,3,37.83,36.2,138.25
ORD-00966,2025-02-27,CUS-0085,Brazil,LATAM,Groceries,Fresh Produce,122.15,5,40.66,-14.24,-51.93
ORD-00967,2024-05-30,CUS-0072,Vietnam,APAC,Groceries,Dairy,78.15,5,3.26,14.06,108.28
ORD-00968,2024-12-27,CUS-0161,South Africa,Africa,Electronics,Laptop,1365.7,5,198.74,-30.56,22.94
ORD-00969,2024-09-20,CUS-0233,United States,North America,Electronics,Headphone,1170.12,4,188.72,37.09,-95.71
ORD-00970,2024-06-13,CUS-0083,Nigeria,Africa,Electronics,Laptop,115.24,1,38.62,9.08,8.68
ORD-00971,2025-08-28,CUS-0202,Mexico,LATAM,Electronics,Headphone,1215.09,3,-5.01,23.63,-102.55
ORD-00972,2023-02-10,CUS-0081,India,APAC,Fashion,Shirt,320.0,5,25.31,20.59,78.96
ORD-00973,2024-04-14,CUS-0250,South Africa,Africa,Fashion,Shoes,62.29,1,17.04,-30.56,22.94
ORD-00974,2024-10-09,CUS-0001,Germany,Europe,Home & Furniture,Storage,155.41,1,-7.98,51.17,10.45
ORD-00975,2025-03-31,CUS-0325,France,Europe,Home & Furniture,Lamp,191.35,5,65.1,46.23,2.21
ORD-00976,2023-09-03,CUS-0036,Vietnam,APAC,Electronics,Camera,518.22,2,8.48,14.06,108.28
ORD-00977,2023-07-23,CUS-0078,Canada,North America,Electronics,Laptop,992.84,2,148.54,56.13,-106.35
ORD-00978,2023-01-24,CUS-0245,Vietnam,APAC,Groceries,Snacks,34.16,2,11.55,14.06,108.28
ORD-00979,2024-04-11,CUS-0090,France,Europe,Home & Furniture,Chair,663.32,4,168.39,46.23,2.21
ORD-00980,2025-06-25,CUS-0050,Germany,Europe,Home & Furniture,Table,55.04,1,11.95,51.17,10.45
ORD-00981,2024-06-02,CUS-0320,India,APAC,Electronics,Laptop,296.53,1,28.46,20.59,78.96
ORD-00982,2024-08-09,CUS-0131,South Africa,Africa,Electronics,Laptop,1418.64,3,469.5,-30.56,22.94
ORD-00983,2024-04-13,CUS-0161,South Africa,Africa,Electronics,Laptop,521.13,1,-9.22,-30.56,22.94
ORD-00984,2025-01-07,CUS-0108,Nigeria,Africa,Groceries,Fresh Produce,7.04,1,2.0,9.08,8.68
ORD-00985,2025-04-18,CUS-0010,Japan,APAC,Fashion,Shoes,125.16,2,13.99,36.2,138.25
ORD-00986,2023-05-22,CUS-0226,Brazil,LATAM,Home & Furniture,Lamp,1129.92,4,196.5,-14.24,-51.93
ORD-00987,2023-05-23,CUS-0241,South Africa,Africa,Home & Furniture,Lamp,936.9,5,-63.16,-30.56,22.94
ORD-00988,2024-04-03,CUS-0324,Vietnam,APAC,Fashion,Accessories,197.28,3,4.66,14.06,108.28
ORD-00989,2025-03-01,CUS-0228,South Africa,Africa,Home & Furniture,Table,184.95,3,-11.59,-30.56,22.94
ORD-00990,2024-03-25,CUS-0153,United States,North America,Home & Furniture,Lamp,804.68,4,44.25,37.09,-95.71
ORD-00991,2023-09-29,CUS-0400,Vietnam,APAC,Home & Furniture,Table,183.89,1,-18.3,14.06,108.28
ORD-00992,2023-01-16,CUS-0012,Mexico,LATAM,Groceries,Fresh Produce,13.39,1,1.22,23.63,-102.55
ORD-00993,2023-06-10,CUS-0142,Japan,APAC,Electronics,Phone,721.52,1,-29.23,36.2,138.25
ORD-00994,2025-01-15,CUS-0307,Vietnam,APAC,Home & Furniture,Lamp,26.47,1,5.63,14.06,108.28
ORD-00995,2024-11-23,CUS-0157,Mexico,LATAM,Groceries,Fresh Produce,24.48,3,-2.35,23.63,-102.55
ORD-00996,2024-02-29,CUS-0212,United Kingdom,Europe,Fashion,Shirt,40.98,3,10.47,55.38,-3.44
ORD-00997,2024-04-13,CUS-0324,Vietnam,APAC,Groceries,Beverage,26.05,1,3.91,14.06,108.28
ORD-00998,2024-12-06,CUS-0063,Singapore,APAC,Electronics,Phone,1068.4,5,232.56,1.35,103.82
ORD-00999,2024-10-06,CUS-0296,United Kingdom,Europe,Groceries,Beverage,43.4,2,-3.28,55.38,-3.44
ORD-01000,2023-03-05,CUS-0112,United Kingdom,Europe,Home & Furniture,Storage,171.23,1,42.0,55.38,-3.44
ORD-01001,2023-12-10,CUS-0385,South Africa,Africa,Home & Furniture,Lamp,132.21,3,25.42,-30.56,22.94
ORD-01002,2023-03-20,CUS-0356,Vietnam,APAC,Fashion,Bag,238.17,3,-3.41,14.06,108.28
ORD-01003,2023-10-16,CUS-0294,South Africa,Africa,Home & Furniture,Chair,309.99,3,10.4,-30.56,22.94
ORD-01004,2023-11-02,CUS-0136,Singapore,APAC,Fashion,Shirt,43.9,1,3.09,1.35,103.82
ORD-01005,2025-04-13,CUS-0008,Germany,Europe,Electronics,Laptop,1359.08,4,246.85,51.17,10.45
ORD-01006,2023-03-25,CUS-0186,United States,North America,Electronics,Phone,2773.08,4,426.25,37.09,-95.71
ORD-01007,2025-05-01,CUS-0393,United States,North America,Home & Furniture,Chair,920.6,5,277.0,37.09,-95.71
ORD-01008,2025-02-25,CUS-0019,Japan,APAC,Groceries,Snacks,10.0,2,-0.22,36.2,138.25
ORD-01009,2023-09-11,CUS-0196,South Africa,Africa,Home & Furniture,Lamp,550.2,4,74.89,-30.56,22.94
ORD-01010,2024-11-01,CUS-0174,Nigeria,Africa,Groceries,Dairy,24.18,3,5.39,9.08,8.68
ORD-01011,2023-08-05,CUS-0047,Japan,APAC,Groceries,Snacks,13.15,1,4.56,36.2,138.25
ORD-01012,2024-04-15,CUS-0325,France,Europe,Groceries,Beverage,52.48,4,4.96,46.23,2.21
ORD-01013,2024-03-27,CUS-0234,Vietnam,APAC,Fashion,Shoes,90.68,2,0.94,14.06,108.28
ORD-01014,2023-07-02,CUS-0009,Brazil,LATAM,Home & Furniture,Lamp,376.8,4,110.69,-14.24,-51.93
ORD-01015,2023-05-15,CUS-0084,Singapore,APAC,Fashion,Bag,139.25,5,36.12,1.35,103.82
ORD-01016,2025-04-21,CUS-0256,Mexico,LATAM,Fashion,Shoes,197.0,4,-16.82,23.63,-102.55
ORD-01017,2025-09-15,CUS-0311,United States,North America,Fashion,Shoes,129.02,2,29.36,37.09,-95.71
ORD-01018,2025-07-29,CUS-0347,Vietnam,APAC,Electronics,Laptop,1848.84,4,-175.6,14.06,108.28
ORD-01019,2025-04-06,CUS-0288,France,Europe,Home & Furniture,Table,181.03,1,-3.68,46.23,2.21
ORD-01020,2023-08-01,CUS-0071,Japan,APAC,Electronics,Camera,1872.72,3,-64.98,36.2,138.25
ORD-01021,2024-01-11,CUS-0017,France,Europe,Electronics,Phone,559.7,1,73.87,46.23,2.21
ORD-01022,2024-10-02,CUS-0256,Mexico,LATAM,Home & Furniture,Table,977.15,5,26.86,23.63,-102.55
ORD-01023,2023-08-01,CUS-0019,Japan,APAC,Electronics,Phone,485.67,1,-22.87,36.2,138.25
ORD-01024,2023-07-05,CUS-0326,India,APAC,Home & Furniture,Table,671.05,5,159.05,20.59,78.96
ORD-01025,2024-01-21,CUS-0333,India,APAC,Fashion,Shoes,87.18,1,-8.37,20.59,78.96
ORD-01026,2024-02-16,CUS-0021,United States,North America,Home & Furniture,Table,170.98,2,9.13,37.09,-95.71
ORD-01027,2024-09-20,CUS-0318,Japan,APAC,Home & Furniture,Lamp,357.18,3,24.14,36.2,138.25
ORD-01028,2024-09-06,CUS-0323,France,Europe,Home & Furniture,Storage,507.57,3,94.39,46.23,2.21
ORD-01029,2025-03-31,CUS-0223,India,APAC,Electronics,Phone,462.44,1,-40.91,20.59,78.96
ORD-01030,2024-08-08,CUS-0059,Brazil,LATAM,Electronics,Phone,2185.8,5,540.73,-14.24,-51.93
ORD-01031,2024-11-20,CUS-0328,Vietnam,APAC,Home & Furniture,Storage,411.36,2,140.11,14.06,108.28
ORD-01032,2024-06-20,CUS-0287,Vietnam,APAC,Home & Furniture,Chair,181.65,1,44.25,14.06,108.28
ORD-01033,2024-03-19,CUS-0036,Vietnam,APAC,Groceries,Fresh Produce,10.0,2,2.27,14.06,108.28
ORD-01034,2023-03-26,CUS-0135,South Africa,Africa,Fashion,Shoes,63.08,4,-4.0,-30.56,22.94
ORD-01035,2023-02-05,CUS-0018,France,Europe,Electronics,Headphone,1071.02,2,305.21,46.23,2.21
ORD-01036,2024-06-02,CUS-0158,United Kingdom,Europe,Home & Furniture,Table,103.1,2,-4.38,55.38,-3.44
ORD-01037,2023-10-20,CUS-0313,Mexico,LATAM,Groceries,Dairy,88.1,5,24.58,23.63,-102.55
ORD-01038,2024-09-04,CUS-0331,Canada,North America,Groceries,Fresh Produce,81.88,4,-4.27,56.13,-106.35
ORD-01039,2023-01-11,CUS-0199,Vietnam,APAC,Fashion,Shoes,10.0,2,2.76,14.06,108.28
ORD-01040,2025-08-30,CUS-0106,United Kingdom,Europe,Electronics,Laptop,264.92,2,81.33,55.38,-3.44
ORD-01041,2025-06-23,CUS-0220,Canada,North America,Fashion,Shoes,97.0,2,0.01,56.13,-106.35
ORD-01042,2024-10-27,CUS-0331,Canada,North America,Groceries,Dairy,16.2,1,1.32,56.13,-106.35
ORD-01043,2023-12-20,CUS-0042,Japan,APAC,Home & Furniture,Table,659.24,4,-8.19,36.2,138.25
ORD-01044,2023-09-13,CUS-0247,Japan,APAC,Electronics,Laptop,516.24,1,78.73,36.2,138.25
ORD-01045,2025-05-04,CUS-0332,France,Europe,Electronics,Laptop,1750.17,3,367.59,46.23,2.21
ORD-01046,2023-08-04,CUS-0271,Mexico,LATAM,Fashion,Shirt,165.27,3,23.12,23.63,-102.55
ORD-01047,2025-06-30,CUS-0092,South Africa,Africa,Electronics,Laptop,736.82,2,57.37,-30.56,22.94
ORD-01048,2025-05-07,CUS-0266,Canada,North America,Electronics,Headphone,1545.76,4,476.24,56.13,-106.35
ORD-01049,2023-07-11,CUS-0252,Canada,North America,Groceries,Snacks,58.92,4,15.29,56.13,-106.35
ORD-01050,2025-03-09,CUS-0220,Canada,North America,Home & Furniture,Table,765.9,5,168.94,56.13,-106.35
ORD-01051,2024-08-14,CUS-0162,Nigeria,Africa,Groceries,Snacks,82.75,5,21.6,9.08,8.68
ORD-01052,2023-03-10,CUS-0383,Vietnam,APAC,Home & Furniture,Table,120.87,1,2.71,14.06,108.28
ORD-01053,2023-09-02,CUS-0125,Mexico,LATAM,Home & Furniture,Lamp,272.06,2,27.12,23.63,-102.55
ORD-01054,2025-03-06,CUS-0015,United States,North America,Fashion,Shoes,252.2,5,24.93,37.09,-95.71
ORD-01055,2024-04-11,CUS-0184,Nigeria,Africa,Electronics,Phone,467.57,1,107.78,9.08,8.68
ORD-01056,2024-12-07,CUS-0142,Japan,APAC,Home & Furniture,Lamp,346.16,4,7.84,36.2,138.25
ORD-01057,2023-12-07,CUS-0006,Nigeria,Africa,Groceries,Snacks,65.34,3,6.22,9.08,8.68
ORD-01058,2025-01-16,CUS-0300,Japan,APAC,Electronics,Camera,1718.28,4,115.09,36.2,138.25
ORD-01059,2024-04-22,CUS-0060,United Kingdom,Europe,Groceries,Snacks,63.6,3,2.91,55.38,-3.44
ORD-01060,2023-10-28,CUS-0190,South Africa,Africa,Home & Furniture,Table,257.54,2,-11.67,-30.56,22.94
ORD-01061,2023-01-13,CUS-0113,France,Europe,Home & Furniture,Storage,747.88,4,174.1,46.23,2.21
ORD-01062,2024-08-12,CUS-0047,Japan,APAC,Home & Furniture,Lamp,140.97,1,-9.54,36.2,138.25
ORD-01063,2023-02-26,CUS-0343,Japan,APAC,Groceries,Beverage,29.14,2,8.14,36.2,138.25
ORD-01064,2023-10-27,CUS-0344,Nigeria,Africa,Groceries,Fresh Produce,115.55,5,-2.47,9.08,8.68
ORD-01065,2024-03-21,CUS-0334,Japan,APAC,Groceries,Fresh Produce,82.76,4,4.82,36.2,138.25
ORD-01066,2024-03-27,CUS-0132,Germany,Europe,Electronics,Camera,1283.02,2,392.28,51.17,10.45
ORD-01067,2023-02-24,CUS-0031,Brazil,LATAM,Home & Furniture,Lamp,400.18,2,37.31,-14.24,-51.93
ORD-01068,2023-09-28,CUS-0223,India,APAC,Groceries,Snacks,99.65,5,18.58,20.59,78.96
ORD-01069,2024-03-27,CUS-0266,Canada,North America,Groceries,Snacks,67.05,3,9.7,56.13,-106.35
ORD-01070,2023-06-09,CUS-0128,Germany,Europe,Groceries,Beverage,70.65,5,4.0,51.17,10.45
ORD-01071,2023-09-24,CUS-0046,United Kingdom,Europe,Home & Furniture,Table,840.8,5,-74.67,55.38,-3.44
ORD-01072,2023-08-12,CUS-0249,United States,North America,Fashion,Shirt,432.15,5,-25.72,37.09,-95.71
ORD-01073,2023-09-11,CUS-0172,Nigeria,Africa,Groceries,Dairy,42.84,2,0.78,9.08,8.68
ORD-01074,2024-08-01,CUS-0307,Vietnam,APAC,Home & Furniture,Storage,472.95,3,77.78,14.06,108.28
ORD-01075,2025-03-01,CUS-0213,United States,North America,Home & Furniture,Storage,188.14,1,15.91,37.09,-95.71
ORD-01076,2023-02-10,CUS-0002,India,APAC,Fashion,Shoes,256.05,5,27.96,20.59,78.96
ORD-01077,2024-08-31,CUS-0106,United Kingdom,Europe,Groceries,Dairy,44.72,2,12.85,55.38,-3.44
ORD-01078,2023-01-24,CUS-0031,Brazil,LATAM,Electronics,Camera,1840.75,5,581.05,-14.24,-51.93
ORD-01079,2023-12-03,CUS-0353,France,Europe,Electronics,Camera,625.14,2,176.83,46.23,2.21
ORD-01080,2023-05-24,CUS-0332,France,Europe,Home & Furniture,Storage,165.41,1,-2.75,46.23,2.21
ORD-01081,2025-05-01,CUS-0260,Canada,North America,Fashion,Bag,134.24,2,33.04,56.13,-106.35
ORD-01082,2024-03-24,CUS-0082,Canada,North America,Fashion,Bag,90.86,2,14.54,56.13,-106.35
ORD-01083,2024-03-22,CUS-0394,France,Europe,Home & Furniture,Chair,798.36,4,232.17,46.23,2.21
ORD-01084,2024-03-30,CUS-0194,Brazil,LATAM,Home & Furniture,Lamp,446.52,3,78.7,-14.24,-51.93
ORD-01085,2023-08-17,CUS-0095,United States,North America,Electronics,Phone,2260.35,5,328.81,37.09,-95.71
ORD-01086,2024-05-07,CUS-0121,France,Europe,Groceries,Dairy,20.98,1,1.67,46.23,2.21
ORD-01087,2024-05-28,CUS-0324,Vietnam,APAC,Home & Furniture,Storage,496.77,3,119.74,14.06,108.28
ORD-01088,2023-03-23,CUS-0341,Singapore,APAC,Groceries,Fresh Produce,73.68,3,-7.11,1.35,103.82
ORD-01089,2024-04-11,CUS-0229,Germany,Europe,Home & Furniture,Storage,330.22,2,16.35,51.17,10.45
ORD-01090,2023-12-17,CUS-0374,Vietnam,APAC,Electronics,Camera,1773.75,5,482.22,14.06,108.28
ORD-01091,2024-02-01,CUS-0330,India,APAC,Fashion,Bag,236.64,4,72.72,20.59,78.96
ORD-01092,2025-09-24,CUS-0223,India,APAC,Electronics,Camera,437.96,2,-1.94,20.59,78.96
ORD-01093,2024-07-07,CUS-0203,United Kingdom,Europe,Home & Furniture,Storage,922.05,5,251.72,55.38,-3.44
ORD-01094,2024-09-26,CUS-0271,Mexico,LATAM,Fashion,Accessories,283.68,4,33.23,23.63,-102.55
ORD-01095,2024-04-21,CUS-0309,Vietnam,APAC,Electronics,Headphone,1915.7,5,74.25,14.06,108.28
ORD-01096,2025-08-05,CUS-0363,Canada,North America,Fashion,Accessories,160.86,2,8.49,56.13,-106.35
ORD-01097,2024-06-09,CUS-0279,Japan,APAC,Groceries,Fresh Produce,45.3,5,12.89,36.2,138.25
ORD-01098,2023-11-28,CUS-0228,South Africa,Africa,Groceries,Snacks,61.11,3,16.94,-30.56,22.94
ORD-01099,2023-11-03,CUS-0015,United States,North America,Fashion,Shirt,152.04,2,15.72,37.09,-95.71
ORD-01100,2024-06-11,CUS-0327,Mexico,LATAM,Home & Furniture,Table,129.34,2,42.54,23.63,-102.55
ORD-01101,2023-08-09,CUS-0120,Vietnam,APAC,Groceries,Fresh Produce,71.25,5,6.15,14.06,108.28
ORD-01102,2025-08-18,CUS-0147,Japan,APAC,Electronics,Laptop,248.92,2,33.41,36.2,138.25
ORD-01103,2024-12-08,CUS-0209,Canada,North America,Fashion,Bag,335.56,4,42.19,56.13,-106.35
ORD-01104,2023-02-12,CUS-0090,France,Europe,Groceries,Fresh Produce,88.6,4,12.09,46.23,2.21
ORD-01105,2023-07-28,CUS-0157,Mexico,LATAM,Electronics,Phone,2371.55,5,173.76,23.63,-102.55
ORD-01106,2025-08-11,CUS-0360,Japan,APAC,Electronics,Headphone,1356.96,3,-82.12,36.2,138.25
ORD-01107,2025-01-23,CUS-0355,Japan,APAC,Home & Furniture,Storage,279.46,2,60.03,36.2,138.25
ORD-01108,2024-01-22,CUS-0087,Singapore,APAC,Fashion,Shirt,197.3,2,5.27,1.35,103.82
ORD-01109,2023-04-24,CUS-0247,Japan,APAC,Fashion,Bag,181.38,3,54.23,36.2,138.25
ORD-01110,2023-10-05,CUS-0074,Singapore,APAC,Groceries,Fresh Produce,73.6,5,-4.91,1.35,103.82
ORD-01111,2025-03-06,CUS-0386,South Africa,Africa,Electronics,Camera,2062.32,4,378.1,-30.56,22.94
ORD-01112,2023-01-31,CUS-0301,Germany,Europe,Fashion,Shoes,312.3,5,-10.93,51.17,10.45
ORD-01113,2024-07-16,CUS-0257,France,Europe,Electronics,Phone,584.38,2,3.83,46.23,2.21
ORD-01114,2023-04-02,CUS-0009,Brazil,LATAM,Home & Furniture,Storage,634.84,4,146.2,-14.24,-51.93
ORD-01115,2025-04-23,CUS-0037,Mexico,LATAM,Fashion,Shirt,73.0,2,5.25,23.63,-102.55
ORD-01116,2024-11-02,CUS-0132,Germany,Europe,Home & Furniture,Storage,502.95,3,-3.64,51.17,10.45
ORD-01117,2024-09-20,CUS-0097,Singapore,APAC,Electronics,Headphone,1437.99,3,-61.58,1.35,103.82
ORD-01118,2025-04-03,CUS-0262,United States,North America,Groceries,Beverage,52.0,5,9.39,37.09,-95.71
ORD-01119,2025-08-01,CUS-0025,Canada,North America,Fashion,Shirt,99.62,2,-7.25,56.13,-106.35
ORD-01120,2024-02-20,CUS-0305,India,APAC,Fashion,Accessories,153.7,2,7.64,20.59,78.96
ORD-01121,2023-07-04,CUS-0175,India,APAC,Home & Furniture,Table,267.18,1,58.25,20.59,78.96
ORD-01122,2023-10-27,CUS-0155,Germany,Europe,Groceries,Dairy,53.7,5,-4.34,51.17,10.45
ORD-01123,2025-02-02,CUS-0373,United States,North America,Home & Furniture,Table,199.81,1,46.5,37.09,-95.71
ORD-01124,2024-03-26,CUS-0176,Nigeria,Africa,Fashion,Shoes,115.86,2,40.41,9.08,8.68
ORD-01125,2023-03-31,CUS-0145,Canada,North America,Electronics,Camera,656.34,2,-0.07,56.13,-106.35
ORD-01126,2024-03-05,CUS-0249,United States,North America,Electronics,Headphone,1817.8,5,477.5,37.09,-95.71
ORD-01127,2025-03-30,CUS-0303,Brazil,LATAM,Home & Furniture,Storage,469.6,5,117.53,-14.24,-51.93
ORD-01128,2024-03-13,CUS-0018,France,Europe,Electronics,Phone,2162.34,3,662.43,46.23,2.21
ORD-01129,2024-06-14,CUS-0355,Japan,APAC,Home & Furniture,Table,700.53,3,179.68,36.2,138.25
ORD-01130,2025-11-21,CUS-0376,Vietnam,APAC,Electronics,Phone,2093.55,3,-132.78,14.06,108.28
ORD-01131,2024-02-17,CUS-0279,Japan,APAC,Electronics,Laptop,1164.68,4,140.66,36.2,138.25
ORD-01132,2023-12-27,CUS-0172,Nigeria,Africa,Fashion,Shirt,122.04,3,-5.4,9.08,8.68
ORD-01133,2024-11-08,CUS-0311,United States,North America,Electronics,Phone,2858.1,5,590.28,37.09,-95.71
ORD-01134,2024-10-23,CUS-0172,Nigeria,Africa,Home & Furniture,Lamp,411.54,3,-3.53,9.08,8.68
ORD-01135,2024-08-22,CUS-0304,United Kingdom,Europe,Home & Furniture,Table,464.2,5,135.5,55.38,-3.44
ORD-01136,2025-03-20,CUS-0049,Japan,APAC,Home & Furniture,Storage,1508.5,5,112.57,36.2,138.25
ORD-01137,2023-07-29,CUS-0368,Canada,North America,Electronics,Camera,1218.28,4,81.05,56.13,-106.35
ORD-01138,2023-02-19,CUS-0361,Canada,North America,Fashion,Bag,324.76,4,15.64,56.13,-106.35
ORD-01139,2024-04-03,CUS-0138,Germany,Europe,Fashion,Shirt,321.36,4,94.8,51.17,10.45
ORD-01140,2024-01-24,CUS-0240,Singapore,APAC,Fashion,Shirt,108.58,2,11.01,1.35,103.82
ORD-01141,2024-02-22,CUS-0325,France,Europe,Fashion,Shirt,352.1,5,32.78,46.23,2.21
ORD-01142,2024-10-10,CUS-0259,Vietnam,APAC,Electronics,Phone,759.44,2,104.73,14.06,108.28
ORD-01143,2025-07-18,CUS-0377,United States,North America,Electronics,Headphone,841.36,2,236.78,37.09,-95.71
ORD-01144,2023-11-06,CUS-0137,Vietnam,APAC,Electronics,Headphone,2815.6,5,952.82,14.06,108.28
ORD-01145,2023-07-21,CUS-0203,United Kingdom,Europe,Home & Furniture,Lamp,133.09,1,6.97,55.38,-3.44
ORD-01146,2023-06-01,CUS-0385,South Africa,Africa,Fashion,Bag,135.27,3,14.07,-30.56,22.94
ORD-01147,2023-12-29,CUS-0387,Nigeria,Africa,Home & Furniture,Storage,269.16,2,61.09,9.08,8.68
ORD-01148,2025-08-12,CUS-0302,South Africa,Africa,Groceries,Beverage,17.2,1,-0.25,-30.56,22.94
ORD-01149,2023-04-23,CUS-0369,France,Europe,Home & Furniture,Lamp,94.11,3,10.78,46.23,2.21
ORD-01150,2024-04-06,CUS-0151,Japan,APAC,Fashion,Accessories,95.3,2,-0.89,36.2,138.25
ORD-01151,2023-08-23,CUS-0092,South Africa,Africa,Groceries,Snacks,140.15,5,6.46,-30.56,22.94
ORD-01152,2024-09-13,CUS-0035,United Kingdom,Europe,Home & Furniture,Chair,58.46,1,-2.88,55.38,-3.44
ORD-01153,2025-07-13,CUS-0307,Vietnam,APAC,Groceries,Dairy,87.64,4,1.79,14.06,108.28
ORD-01154,2025-02-09,CUS-0263,India,APAC,Home & Furniture,Chair,638.7,5,107.13,20.59,78.96
ORD-01155,2023-08-12,CUS-0103,South Africa,Africa,Fashion,Shoes,216.4,2,0.97,-30.56,22.94
ORD-01156,2024-09-25,CUS-0225,Vietnam,APAC,Groceries,Beverage,35.64,2,8.86,14.06,108.28
ORD-01157,2023-05-02,CUS-0131,South Africa,Africa,Electronics,Phone,449.07,3,-1.41,-30.56,22.94
ORD-01158,2024-07-16,CUS-0284,Germany,Europe,Groceries,Beverage,29.0,5,5.09,51.17,10.45
ORD-01159,2024-09-20,CUS-0272,Canada,North America,Fashion,Shoes,79.16,1,15.75,56.13,-106.35
ORD-01160,2024-07-19,CUS-0077,Singapore,APAC,Fashion,Bag,594.7,5,-40.02,1.35,103.82
ORD-01161,2024-04-10,CUS-0275,India,APAC,Electronics,Phone,1968.8,5,-81.3,20.59,78.96
ORD-01162,2024-04-17,CUS-0156,Germany,Europe,Electronics,Camera,791.68,2,-77.4,51.17,10.45
ORD-01163,2023-09-26,CUS-0001,Germany,Europe,Home & Furniture,Chair,73.79,1,8.74,51.17,10.45
ORD-01164,2023-05-25,CUS-0392,United Kingdom,Europe,Fashion,Shirt,145.41,3,48.84,55.38,-3.44
ORD-01165,2024-03-29,CUS-0334,Japan,APAC,Home & Furniture,Table,173.51,1,-9.19,36.2,138.25
ORD-01166,2023-01-08,CUS-0385,South Africa,Africa,Groceries,Dairy,34.0,4,4.76,-30.56,22.94
ORD-01167,2023-10-16,CUS-0217,South Africa,Africa,Fashion,Shirt,65.45,1,-1.58,-30.56,22.94
ORD-01168,2024-09-19,CUS-0303,Brazil,LATAM,Home & Furniture,Chair,265.26,3,-0.74,-14.24,-51.93
ORD-01169,2023-10-18,CUS-0036,Vietnam,APAC,Fashion,Shoes,272.75,5,94.04,14.06,108.28
ORD-01170,2025-02-28,CUS-0234,Vietnam,APAC,Home & Furniture,Lamp,1321.1,5,429.23,14.06,108.28
ORD-01171,2023-09-23,CUS-0304,United Kingdom,Europe,Home & Furniture,Lamp,517.1,2,91.28,55.38,-3.44
ORD-01172,2024-01-22,CUS-0106,United Kingdom,Europe,Groceries,Beverage,10.0,2,-0.96,55.38,-3.44
ORD-01173,2023-04-28,CUS-0082,Canada,North America,Electronics,Camera,832.98,2,-49.03,56.13,-106.35
ORD-01174,2023-05-19,CUS-0353,France,Europe,Groceries,Fresh Produce,6.75,1,0.39,46.23,2.21
ORD-01175,2025-07-14,CUS-0211,Mexico,LATAM,Electronics,Phone,377.28,1,17.82,23.63,-102.55
ORD-01176,2025-02-01,CUS-0199,Vietnam,APAC,Groceries,Dairy,43.47,3,2.25,14.06,108.28
ORD-01177,2025-02-22,CUS-0127,Brazil,LATAM,Electronics,Camera,414.36,1,98.58,-14.24,-51.93
ORD-01178,2024-04-05,CUS-0190,South Africa,Africa,Fashion,Bag,65.3,1,-6.07,-30.56,22.94
ORD-01179,2025-01-08,CUS-0321,France,Europe,Fashion,Accessories,88.86,1,-8.74,46.23,2.21
ORD-01180,2025-08-10,CUS-0270,South Africa,Africa,Home & Furniture,Storage,787.56,4,-12.53,-30.56,22.94
ORD-01181,2023-05-04,CUS-0042,Japan,APAC,Electronics,Headphone,3141.6,5,458.45,36.2,138.25
ORD-01182,2024-03-25,CUS-0349,Vietnam,APAC,Electronics,Phone,339.96,1,45.19,14.06,108.28
ORD-01183,2024-04-07,CUS-0126,United States,North America,Groceries,Dairy,44.65,5,12.27,37.09,-95.71
ORD-01184,2025-01-21,CUS-0378,South Africa,Africa,Fashion,Bag,343.25,5,73.02,-30.56,22.94
ORD-01185,2024-07-13,CUS-0178,Mexico,LATAM,Fashion,Shoes,86.88,2,25.37,23.63,-102.55
ORD-01186,2023-04-30,CUS-0093,United Kingdom,Europe,Groceries,Fresh Produce,40.44,4,9.73,55.38,-3.44
ORD-01187,2024-01-01,CUS-0087,Singapore,APAC,Electronics,Laptop,624.9,2,46.61,1.35,103.82
ORD-01188,2025-05-16,CUS-0080,Brazil,LATAM,Home & Furniture,Storage,629.6,5,161.69,-14.24,-51.93
ORD-01189,2023-10-23,CUS-0243,Germany,Europe,Fashion,Accessories,348.64,4,77.78,51.17,10.45
ORD-01190,2025-04-26,CUS-0204,India,APAC,Fashion,Shirt,296.45,5,-18.96,20.59,78.96
ORD-01191,2025-01-18,CUS-0280,Brazil,LATAM,Groceries,Beverage,99.85,5,27.86,-14.24,-51.93
ORD-01192,2023-10-07,CUS-0339,Singapore,APAC,Groceries,Snacks,24.3,3,1.0,1.35,103.82
ORD-01193,2024-12-09,CUS-0333,India,APAC,Fashion,Shirt,345.24,4,-0.7,20.59,78.96
ORD-01194,2024-07-01,CUS-0350,United States,North America,Home & Furniture,Chair,140.88,4,-5.56,37.09,-95.71
ORD-01195,2024-11-27,CUS-0115,South Africa,Africa,Groceries,Snacks,7.0,1,2.14,-30.56,22.94
ORD-01196,2024-12-04,CUS-0156,Germany,Europe,Home & Furniture,Storage,397.5,3,105.39,51.17,10.45
ORD-01197,2024-02-20,CUS-0072,Vietnam,APAC,Groceries,Dairy,63.92,4,19.69,14.06,108.28
ORD-01198,2023-12-28,CUS-0243,Germany,Europe,Fashion,Shirt,137.14,2,24.89,51.17,10.45
ORD-01199,2023-10-14,CUS-0082,Canada,North America,Electronics,Headphone,20.0,4,-0.86,56.13,-106.35
ORD-01200,2023-10-06,CUS-0009,Brazil,LATAM,Fashion,Bag,72.98,1,15.89,-14.24,-51.93
ORD-01201,2025-01-24,CUS-0369,France,Europe,Electronics,Camera,298.81,1,34.53,46.23,2.21
ORD-01202,2024-06-17,CUS-0069,Nigeria,Africa,Electronics,Phone,1593.48,4,-41.13,9.08,8.68
ORD-01203,2023-07-22,CUS-0223,India,APAC,Electronics,Phone,1049.58,2,-8.57,20.59,78.96
ORD-01204,2023-10-18,CUS-0320,India,APAC,Fashion,Shoes,119.07,3,33.37,20.59,78.96
ORD-01205,2024-06-15,CUS-0089,India,APAC,Electronics,Headphone,1154.6,4,-59.61,20.59,78.96
ORD-01206,2023-09-08,CUS-0043,South Africa,Africa,Electronics,Phone,1055.52,4,237.01,-30.56,22.94
ORD-01207,2024-02-12,CUS-0248,Singapore,APAC,Home & Furniture,Storage,625.92,4,175.71,1.35,103.82
ORD-01208,2024-07-04,CUS-0123,Japan,APAC,Home & Furniture,Lamp,59.96,1,12.77,36.2,138.25
ORD-01209,2024-03-05,CUS-0228,South Africa,Africa,Electronics,Headphone,1076.82,2,-9.79,-30.56,22.94
ORD-01210,2023-05-26,CUS-0043,South Africa,Africa,Home & Furniture,Lamp,240.58,2,23.21,-30.56,22.94
ORD-01211,2023-03-18,CUS-0221,France,Europe,Home & Furniture,Table,531.15,3,-24.23,46.23,2.21
ORD-01212,2023-05-28,CUS-0145,Canada,North America,Fashion,Shoes,101.1,3,32.24,56.13,-106.35
ORD-01213,2024-05-15,CUS-0371,Mexico,LATAM,Home & Furniture,Lamp,68.12,1,9.9,23.63,-102.55
ORD-01214,2023-05-04,CUS-0350,United States,North America,Fashion,Accessories,132.84,4,34.65,37.09,-95.71
ORD-01215,2023-11-23,CUS-0325,France,Europe,Electronics,Camera,2287.15,5,330.05,46.23,2.21
ORD-01216,2024-01-06,CUS-0224,Vietnam,APAC,Fashion,Accessories,64.22,1,11.24,14.06,108.28
ORD-01217,2024-09-04,CUS-0285,India,APAC,Home & Furniture,Table,617.7,5,-23.92,20.59,78.96
ORD-01218,2024-11-23,CUS-0196,South Africa,Africa,Electronics,Phone,1148.42,2,36.43,-30.56,22.94
ORD-01219,2023-10-11,CUS-0049,Japan,APAC,Home & Furniture,Chair,119.92,2,18.16,36.2,138.25
ORD-01220,2023-12-06,CUS-0017,France,Europe,Electronics,Laptop,1408.23,3,237.28,46.23,2.21
ORD-01221,2023-06-08,CUS-0104,South Africa,Africa,Electronics,Laptop,1185.15,3,102.34,-30.56,22.94
ORD-01222,2024-12-23,CUS-0224,Vietnam,APAC,Groceries,Dairy,32.0,2,8.22,14.06,108.28
ORD-01223,2023-10-27,CUS-0196,South Africa,Africa,Groceries,Beverage,37.52,2,12.45,-30.56,22.94
ORD-01224,2023-05-21,CUS-0060,United Kingdom,Europe,Home & Furniture,Table,475.48,2,67.48,55.38,-3.44
ORD-01225,2023-06-17,CUS-0030,South Africa,Africa,Electronics,Headphone,1441.23,3,279.83,-30.56,22.94
ORD-01226,2024-04-01,CUS-0146,Mexico,LATAM,Home & Furniture,Chair,900.35,5,205.69,23.63,-102.55
ORD-01227,2023-03-07,CUS-0021,United States,North America,Groceries,Fresh Produce,14.53,1,4.48,37.09,-95.71
ORD-01228,2025-06-16,CUS-0143,South Africa,Africa,Home & Furniture,Table,150.29,1,-9.35,-30.56,22.94
ORD-01229,2024-02-14,CUS-0202,Mexico,LATAM,Electronics,Headphone,1146.93,3,-59.51,23.63,-102.55
ORD-01230,2024-07-11,CUS-0178,Mexico,LATAM,Electronics,Camera,397.28,2,111.84,23.63,-102.55
ORD-01231,2023-10-27,CUS-0300,Japan,APAC,Groceries,Snacks,10.0,2,2.44,36.2,138.25
ORD-01232,2024-12-13,CUS-0346,India,APAC,Groceries,Fresh Produce,79.35,5,7.29,20.59,78.96
ORD-01233,2024-11-27,CUS-0062,United States,North America,Groceries,Dairy,91.6,4,4.79,37.09,-95.71
ORD-01234,2025-03-25,CUS-0320,India,APAC,Fashion,Shoes,64.12,1,13.02,20.59,78.96
ORD-01235,2024-06-22,CUS-0377,United States,North America,Electronics,Laptop,2328.5,5,93.96,37.09,-95.71
ORD-01236,2023-08-29,CUS-0241,South Africa,Africa,Groceries,Fresh Produce,54.27,3,18.29,-30.56,22.94
ORD-01237,2024-06-02,CUS-0111,Germany,Europe,Electronics,Phone,768.08,2,-17.45,51.17,10.45
ORD-01238,2023-01-06,CUS-0215,Japan,APAC,Home & Furniture,Lamp,537.08,4,-47.75,36.2,138.25
ORD-01239,2025-01-11,CUS-0202,Mexico,LATAM,Home & Furniture,Lamp,238.34,2,70.21,23.63,-102.55
ORD-01240,2023-11-30,CUS-0331,Canada,North America,Electronics,Laptop,2050.12,4,679.72,56.13,-106.35
ORD-01241,2024-02-26,CUS-0121,France,Europe,Home & Furniture,Lamp,212.82,3,-17.45,46.23,2.21
ORD-01242,2023-08-16,CUS-0064,India,APAC,Home & Furniture,Table,201.52,1,-16.31,20.59,78.96
ORD-01243,2024-02-28,CUS-0355,Japan,APAC,Fashion,Shirt,105.3,1,16.03,36.2,138.25
ORD-01244,2023-05-23,CUS-0170,Germany,Europe,Fashion,Shoes,236.1,3,38.73,51.17,10.45
ORD-01245,2023-04-26,CUS-0367,Japan,APAC,Fashion,Bag,233.46,3,16.74,36.2,138.25
ORD-01246,2025-07-19,CUS-0136,Singapore,APAC,Electronics,Phone,890.04,2,19.3,1.35,103.82
ORD-01247,2024-10-14,CUS-0195,Germany,Europe,Home & Furniture,Storage,162.0,1,3.8,51.17,10.45
ORD-01248,2023-07-08,CUS-0334,Japan,APAC,Home & Furniture,Storage,251.26,2,68.06,36.2,138.25
ORD-01249,2025-02-14,CUS-0207,Japan,APAC,Electronics,Camera,293.5,1,47.49,36.2,138.25
ORD-01250,2023-05-27,CUS-0269,United Kingdom,Europe,Fashion,Shirt,258.96,3,-18.16,55.38,-3.44
ORD-01251,2025-07-14,CUS-0329,France,Europe,Groceries,Snacks,25.58,2,2.18,46.23,2.21
ORD-01252,2023-03-26,CUS-0225,Vietnam,APAC,Home & Furniture,Storage,123.24,2,40.05,14.06,108.28
ORD-01253,2024-01-18,CUS-0377,United States,North America,Fashion,Bag,454.84,4,86.08,37.09,-95.71
ORD-01254,2024-08-02,CUS-0112,United Kingdom,Europe,Home & Furniture,Storage,129.1,2,-1.95,55.38,-3.44
ORD-01255,2024-09-16,CUS-0092,South Africa,Africa,Home & Furniture,Chair,304.68,3,27.01,-30.56,22.94
ORD-01256,2025-09-13,CUS-0077,Singapore,APAC,Electronics,Camera,489.0,5,137.95,1.35,103.82
ORD-01257,2023-11-28,CUS-0086,South Africa,Africa,Electronics,Headphone,590.93,1,166.93,-30.56,22.94
ORD-01258,2023-04-01,CUS-0244,United States,North America,Groceries,Beverage,22.82,1,2.86,37.09,-95.71
ORD-01259,2023-06-14,CUS-0359,Mexico,LATAM,Groceries,Dairy,34.72,2,-2.97,23.63,-102.55
ORD-01260,2024-09-30,CUS-0162,Nigeria,Africa,Groceries,Dairy,19.71,1,1.92,9.08,8.68
ORD-01261,2024-09-29,CUS-0275,India,APAC,Electronics,Camera,1415.13,3,288.54,20.59,78.96
ORD-01262,2024-06-29,CUS-0168,India,APAC,Fashion,Shirt,42.85,1,3.4,20.59,78.96
ORD-01263,2024-12-23,CUS-0261,France,Europe,Groceries,Fresh Produce,10.0,2,-0.05,46.23,2.21
ORD-01264,2023-07-01,CUS-0076,India,APAC,Groceries,Dairy,48.96,4,7.91,20.59,78.96
ORD-01265,2024-05-27,CUS-0259,Vietnam,APAC,Groceries,Fresh Produce,65.13,3,9.3,14.06,108.28
ORD-01266,2025-03-27,CUS-0124,Vietnam,APAC,Electronics,Laptop,2489.75,5,204.24,14.06,108.28
ORD-01267,2023-02-23,CUS-0243,Germany,Europe,Electronics,Laptop,1016.74,2,-59.19,51.17,10.45
ORD-01268,2024-09-09,CUS-0313,Mexico,LATAM,Electronics,Camera,940.42,2,102.43,23.63,-102.55
ORD-01269,2024-02-14,CUS-0318,Japan,APAC,Fashion,Shirt,58.57,1,17.54,36.2,138.25
ORD-01270,2023-11-11,CUS-0368,Canada,North America,Fashion,Shirt,195.3,3,2.05,56.13,-106.35
ORD-01271,2024-07-07,CUS-0099,France,Europe,Home & Furniture,Storage,247.82,2,9.36,46.23,2.21
ORD-01272,2024-02-01,CUS-0098,United States,North America,Groceries,Snacks,23.91,3,0.79,37.09,-95.71
ORD-01273,2024-06-17,CUS-0049,Japan,APAC,Fashion,Accessories,152.1,3,17.55,36.2,138.25
ORD-01274,2023-01-03,CUS-0028,United States,North America,Home & Furniture,Table,977.35,5,161.09,37.09,-95.71
ORD-01275,2023-05-28,CUS-0036,Vietnam,APAC,Home & Furniture,Lamp,344.98,2,-22.16,14.06,108.28
ORD-01276,2023-07-03,CUS-0251,Brazil,LATAM,Fashion,Shirt,139.78,2,9.04,-14.24,-51.93
ORD-01277,2023-01-06,CUS-0199,Vietnam,APAC,Home & Furniture,Storage,241.54,2,37.31,14.06,108.28
ORD-01278,2023-02-01,CUS-0098,United States,North America,Groceries,Snacks,30.48,3,6.58,37.09,-95.71
ORD-01279,2025-04-13,CUS-0169,United States,North America,Groceries,Snacks,61.0,5,15.06,37.09,-95.71
ORD-01280,2023-10-01,CUS-0236,Vietnam,APAC,Home & Furniture,Table,5.19,1,0.39,14.06,108.28
ORD-01281,2023-12-27,CUS-0370,Mexico,LATAM,Home & Furniture,Table,542.15,5,145.31,23.63,-102.55
ORD-01282,2023-05-22,CUS-0143,South Africa,Africa,Home & Furniture,Table,665.67,3,-32.96,-30.56,22.94
ORD-01283,2023-07-06,CUS-0148,Vietnam,APAC,Electronics,Camera,2342.12,4,654.74,14.06,108.28
ORD-01284,2024-10-12,CUS-0217,South Africa,Africa,Home & Furniture,Storage,10.0,2,0.93,-30.56,22.94
ORD-01285,2023-09-24,CUS-0067,Germany,Europe,Home & Furniture,Storage,149.07,1,42.52,51.17,10.45
ORD-01286,2025-09-19,CUS-0229,Germany,Europe,Home & Furniture,Lamp,368.16,3,0.62,51.17,10.45
ORD-01287,2025-04-13,CUS-0247,Japan,APAC,Electronics,Camera,441.24,2,125.57,36.2,138.25
ORD-01288,2025-01-21,CUS-0091,Germany,Europe,Electronics,Camera,607.74,2,205.54,51.17,10.45
ORD-01289,2025-04-01,CUS-0324,Vietnam,APAC,Groceries,Dairy,47.28,4,2.03,14.06,108.28
ORD-01290,2023-06-27,CUS-0318,Japan,APAC,Electronics,Phone,527.94,2,39.96,36.2,138.25
ORD-01291,2024-12-16,CUS-0277,Mexico,LATAM,Home & Furniture,Lamp,955.4,5,-39.1,23.63,-102.55
ORD-01292,2023-08-12,CUS-0385,South Africa,Africa,Groceries,Beverage,5.0,1,-0.38,-30.56,22.94
ORD-01293,2024-12-11,CUS-0160,Brazil,LATAM,Fashion,Shirt,55.82,1,0.11,-14.24,-51.93
ORD-01294,2024-04-10,CUS-0184,Nigeria,Africa,Fashion,Accessories,254.16,3,88.4,9.08,8.68
ORD-01295,2023-08-04,CUS-0358,South Africa,Africa,Fashion,Accessories,50.89,1,4.19,-30.56,22.94
ORD-01296,2024-01-30,CUS-0297,Singapore,APAC,Electronics,Camera,2440.76,4,150.6,1.35,103.82
ORD-01297,2023-01-20,CUS-0010,Japan,APAC,Groceries,Snacks,32.7,5,2.29,36.2,138.25
ORD-01298,2025-03-29,CUS-0387,Nigeria,Africa,Home & Furniture,Table,67.85,1,-2.48,9.08,8.68
ORD-01299,2023-02-03,CUS-0362,Germany,Europe,Fashion,Accessories,132.0,4,46.1,51.17,10.45
ORD-01300,2023-09-12,CUS-0182,Singapore,APAC,Electronics,Headphone,2551.0,5,290.92,1.35,103.82
ORD-01301,2024-05-14,CUS-0304,United Kingdom,Europe,Groceries,Fresh Produce,8.39,1,1.74,55.38,-3.44
ORD-01302,2024-07-04,CUS-0028,United States,North America,Fashion,Accessories,124.32,3,35.28,37.09,-95.71
ORD-01303,2023-12-01,CUS-0007,United States,North America,Electronics,Laptop,711.17,1,215.63,37.09,-95.71
ORD-01304,2025-06-20,CUS-0008,Germany,Europe,Electronics,Laptop,1412.88,2,395.11,51.17,10.45
ORD-01305,2025-01-28,CUS-0269,United Kingdom,Europe,Electronics,Laptop,407.02,1,41.45,55.38,-3.44
ORD-01306,2023-08-20,CUS-0113,France,Europe,Home & Furniture,Lamp,489.68,4,-32.89,46.23,2.21
ORD-01307,2025-06-05,CUS-0225,Vietnam,APAC,Groceries,Fresh Produce,61.05,3,-1.95,14.06,108.28
ORD-01308,2025-06-13,CUS-0372,Singapore,APAC,Home & Furniture,Chair,401.6,5,132.27,1.35,103.82
ORD-01309,2025-05-29,CUS-0165,Vietnam,APAC,Fashion,Shoes,98.64,3,-0.71,14.06,108.28
ORD-01310,2023-03-31,CUS-0170,Germany,Europe,Electronics,Laptop,1757.85,3,-113.47,51.17,10.45
ORD-01311,2023-02-28,CUS-0368,Canada,North America,Home & Furniture,Lamp,371.49,3,-6.4,56.13,-106.35
ORD-01312,2024-03-11,CUS-0167,Nigeria,Africa,Groceries,Snacks,37.82,2,9.29,9.08,8.68
ORD-01313,2023-08-11,CUS-0140,France,Europe,Electronics,Headphone,1052.16,3,366.13,46.23,2.21
ORD-01314,2024-08-20,CUS-0234,Vietnam,APAC,Fashion,Shoes,334.35,5,111.74,14.06,108.28
ORD-01315,2023-05-09,CUS-0374,Vietnam,APAC,Home & Furniture,Table,907.4,5,20.11,14.06,108.28
ORD-01316,2024-12-30,CUS-0043,South Africa,Africa,Home & Furniture,Table,827.68,4,99.12,-30.56,22.94
ORD-01317,2023-08-06,CUS-0237,Mexico,LATAM,Home & Furniture,Lamp,146.58,2,17.69,23.63,-102.55
ORD-01318,2024-02-27,CUS-0366,Nigeria,Africa,Groceries,Beverage,30.9,3,-1.31,9.08,8.68
ORD-01319,2024-11-15,CUS-0227,India,APAC,Groceries,Snacks,40.53,3,13.91,20.59,78.96
ORD-01320,2024-04-23,CUS-0213,United States,North America,Groceries,Fresh Produce,92.4,5,3.48,37.09,-95.71
ORD-01321,2023-02-06,CUS-0120,Vietnam,APAC,Groceries,Fresh Produce,75.0,5,18.91,14.06,108.28
ORD-01322,2025-06-12,CUS-0143,South Africa,Africa,Electronics,Phone,766.83,3,90.89,-30.56,22.94
ORD-01323,2024-04-14,CUS-0044,Germany,Europe,Home & Furniture,Storage,206.31,1,-1.63,51.17,10.45
ORD-01324,2024-07-21,CUS-0078,Canada,North America,Home & Furniture,Table,283.58,2,94.55,56.13,-106.35
ORD-01325,2024-04-08,CUS-0047,Japan,APAC,Electronics,Camera,1282.14,3,403.66,36.2,138.25
ORD-01326,2023-02-14,CUS-0256,Mexico,LATAM,Groceries,Dairy,61.48,4,3.11,23.63,-102.55
ORD-01327,2024-09-17,CUS-0213,United States,North America,Electronics,Camera,1404.8,5,-115.87,37.09,-95.71
ORD-01328,2025-06-25,CUS-0293,Mexico,LATAM,Fashion,Accessories,348.08,4,32.44,23.63,-102.55
ORD-01329,2025-02-14,CUS-0082,Canada,North America,Electronics,Headphone,2372.8,5,-153.88,56.13,-106.35
ORD-01330,2023-12-09,CUS-0050,Germany,Europe,Groceries,Dairy,18.33,1,6.21,51.17,10.45
ORD-01331,2023-01-29,CUS-0012,Mexico,LATAM,Fashion,Shirt,258.42,3,37.56,23.63,-102.55
ORD-01332,2023-06-05,CUS-0146,Mexico,LATAM,Electronics,Headphone,519.0,2,109.47,23.63,-102.55
ORD-01333,2024-01-02,CUS-0135,South Africa,Africa,Groceries,Fresh Produce,31.62,3,2.88,-30.56,22.94
ORD-01334,2023-09-10,CUS-0389,Canada,North America,Home & Furniture,Table,72.32,1,22.59,56.13,-106.35
ORD-01335,2023-10-26,CUS-0246,Vietnam,APAC,Groceries,Fresh Produce,16.3,1,2.58,14.06,108.28
ORD-01336,2024-08-12,CUS-0011,Germany,Europe,Groceries,Fresh Produce,22.85,1,2.48,51.17,10.45
ORD-01337,2025-05-16,CUS-0161,South Africa,Africa,Home & Furniture,Lamp,88.44,2,-8.24,-30.56,22.94
ORD-01338,2023-09-29,CUS-0097,Singapore,APAC,Electronics,Laptop,1058.35,5,155.48,1.35,103.82
ORD-01339,2025-04-24,CUS-0135,South Africa,Africa,Groceries,Beverage,29.6,2,9.91,-30.56,22.94
ORD-01340,2024-01-08,CUS-0125,Mexico,LATAM,Groceries,Dairy,80.3,5,-1.53,23.63,-102.55
ORD-01341,2024-02-03,CUS-0130,United Kingdom,Europe,Groceries,Snacks,42.56,2,6.53,55.38,-3.44
ORD-01342,2023-01-17,CUS-0065,South Africa,Africa,Fashion,Accessories,74.08,1,6.6,-30.56,22.94
ORD-01343,2024-03-10,CUS-0368,Canada,North America,Fashion,Accessories,131.3,2,28.19,56.13,-106.35
ORD-01344,2023-09-20,CUS-0240,Singapore,APAC,Home & Furniture,Storage,416.0,5,113.67,1.35,103.82
ORD-01345,2023-06-01,CUS-0028,United States,North America,Electronics,Camera,414.38,1,82.1,37.09,-95.71
ORD-01346,2024-04-13,CUS-0112,United Kingdom,Europe,Groceries,Snacks,14.81,1,1.99,55.38,-3.44
ORD-01347,2023-03-03,CUS-0206,United Kingdom,Europe,Home & Furniture,Chair,867.08,4,259.3,55.38,-3.44
ORD-01348,2024-12-16,CUS-0196,South Africa,Africa,Home & Furniture,Table,105.82,1,33.54,-30.56,22.94
ORD-01349,2025-05-18,CUS-0211,Mexico,LATAM,Electronics,Headphone,879.93,3,176.43,23.63,-102.55
ORD-01350,2023-10-28,CUS-0319,Japan,APAC,Groceries,Snacks,71.35,5,-3.07,36.2,138.25
ORD-01351,2023-03-10,CUS-0204,India,APAC,Fashion,Bag,78.39,1,27.28,20.59,78.96
ORD-01352,2024-03-31,CUS-0004,Mexico,LATAM,Groceries,Dairy,8.01,1,0.99,23.63,-102.55
ORD-01353,2024-01-09,CUS-0036,Vietnam,APAC,Groceries,Beverage,20.54,1,3.24,14.06,108.28
ORD-01354,2025-05-16,CUS-0278,India,APAC,Groceries,Fresh Produce,39.87,3,-1.53,20.59,78.96
ORD-01355,2024-02-28,CUS-0003,Nigeria,Africa,Groceries,Dairy,93.87,3,19.75,9.08,8.68
ORD-01356,2024-12-13,CUS-0113,France,Europe,Electronics,Laptop,305.73,1,103.69,46.23,2.21
ORD-01357,2025-05-13,CUS-0266,Canada,North America,Groceries,Dairy,51.48,4,-4.22,56.13,-106.35
ORD-01358,2024-06-10,CUS-0019,Japan,APAC,Home & Furniture,Lamp,556.88,4,149.08,36.2,138.25
ORD-01359,2025-01-01,CUS-0332,France,Europe,Fashion,Shoes,118.11,3,32.57,46.23,2.21
ORD-01360,2023-08-04,CUS-0077,Singapore,APAC,Groceries,Snacks,15.03,1,3.18,1.35,103.82
ORD-01361,2024-05-08,CUS-0398,Japan,APAC,Groceries,Fresh Produce,43.14,2,10.01,36.2,138.25
ORD-01362,2023-01-10,CUS-0251,Brazil,LATAM,Home & Furniture,Lamp,394.02,2,-7.03,-14.24,-51.93
ORD-01363,2023-03-04,CUS-0224,Vietnam,APAC,Groceries,Dairy,71.95,5,21.71,14.06,108.28
ORD-01364,2024-10-22,CUS-0299,Brazil,LATAM,Fashion,Shoes,127.44,3,26.85,-14.24,-51.93
ORD-01365,2024-01-12,CUS-0019,Japan,APAC,Fashion,Accessories,50.54,2,-1.91,36.2,138.25
ORD-01366,2024-04-07,CUS-0085,Brazil,LATAM,Fashion,Bag,252.48,4,17.07,-14.24,-51.93
ORD-01367,2024-10-21,CUS-0218,France,Europe,Groceries,Beverage,43.76,2,4.61,46.23,2.21
ORD-01368,2024-02-08,CUS-0342,Canada,North America,Fashion,Bag,237.39,3,66.34,56.13,-106.35
ORD-01369,2025-04-30,CUS-0201,United Kingdom,Europe,Groceries,Snacks,52.47,3,12.71,55.38,-3.44
ORD-01370,2024-03-18,CUS-0103,South Africa,Africa,Home & Furniture,Table,140.02,1,27.64,-30.56,22.94
ORD-01371,2024-07-19,CUS-0168,India,APAC,Groceries,Snacks,19.35,3,5.11,20.59,78.96
ORD-01372,2025-03-03,CUS-0048,United States,North America,Groceries,Dairy,43.44,4,6.01,37.09,-95.71
ORD-01373,2025-01-03,CUS-0171,Germany,Europe,Home & Furniture,Storage,922.64,4,160.94,51.17,10.45
ORD-01374,2024-07-11,CUS-0080,Brazil,LATAM,Electronics,Headphone,669.36,2,-36.98,-14.24,-51.93
ORD-01375,2024-04-25,CUS-0213,United States,North America,Groceries,Snacks,10.0,2,3.04,37.09,-95.71
ORD-01376,2023-12-12,CUS-0204,India,APAC,Groceries,Fresh Produce,67.44,3,6.14,20.59,78.96
ORD-01377,2024-06-28,CUS-0384,Vietnam,APAC,Home & Furniture,Table,136.59,1,-3.24,14.06,108.28
ORD-01378,2024-09-07,CUS-0198,Germany,Europe,Groceries,Fresh Produce,58.25,5,20.2,51.17,10.45
ORD-01379,2025-04-23,CUS-0272,Canada,North America,Electronics,Phone,1606.17,3,-124.78,56.13,-106.35
ORD-01380,2024-03-28,CUS-0060,United Kingdom,Europe,Home & Furniture,Storage,217.08,2,-17.0,55.38,-3.44
ORD-01381,2023-11-13,CUS-0023,France,Europe,Groceries,Snacks,34.56,2,-2.34,46.23,2.21
ORD-01382,2024-10-19,CUS-0393,United States,North America,Electronics,Phone,955.18,2,292.28,37.09,-95.71
ORD-01383,2023-01-19,CUS-0287,Vietnam,APAC,Electronics,Headphone,689.34,2,48.43,14.06,108.28
ORD-01384,2024-12-24,CUS-0196,South Africa,Africa,Home & Furniture,Storage,738.75,5,28.92,-30.56,22.94
ORD-01385,2025-06-07,CUS-0044,Germany,Europe,Home & Furniture,Chair,229.62,1,-16.76,51.17,10.45
ORD-01386,2025-08-23,CUS-0191,South Africa,Africa,Fashion,Shirt,58.04,2,3.43,-30.56,22.94
ORD-01387,2025-04-03,CUS-0101,United Kingdom,Europe,Fashion,Shoes,29.94,1,8.47,55.38,-3.44
ORD-01388,2023-09-25,CUS-0266,Canada,North America,Home & Furniture,Table,353.76,2,96.38,56.13,-106.35
ORD-01389,2023-10-25,CUS-0222,United Kingdom,Europe,Fashion,Shoes,323.64,4,96.35,55.38,-3.44
ORD-01390,2023-02-13,CUS-0239,Singapore,APAC,Fashion,Accessories,20.0,4,1.19,1.35,103.82
ORD-01391,2024-12-03,CUS-0224,Vietnam,APAC,Home & Furniture,Table,635.68,4,204.17,14.06,108.28
ORD-01392,2025-03-16,CUS-0321,France,Europe,Electronics,Camera,989.38,2,275.63,46.23,2.21
ORD-01393,2024-06-09,CUS-0098,United States,North America,Fashion,Accessories,377.7,5,113.28,37.09,-95.71
ORD-01394,2024-08-12,CUS-0317,Japan,APAC,Home & Furniture,Chair,173.0,4,-2.93,36.2,138.25
ORD-01395,2023-08-30,CUS-0039,Brazil,LATAM,Groceries,Beverage,30.21,3,5.38,-14.24,-51.93
ORD-01396,2023-10-27,CUS-0138,Germany,Europe,Home & Furniture,Storage,971.4,5,268.35,51.17,10.45
ORD-01397,2024-11-15,CUS-0272,Canada,North America,Groceries,Dairy,41.32,4,5.83,56.13,-106.35
ORD-01398,2024-02-12,CUS-0234,Vietnam,APAC,Home & Furniture,Storage,589.3,5,-9.72,14.06,108.28
ORD-01399,2023-09-15,CUS-0194,Brazil,LATAM,Fashion,Accessories,114.96,2,29.34,-14.24,-51.93
ORD-01400,2023-05-21,CUS-0199,Vietnam,APAC,Groceries,Fresh Produce,107.75,5,3.89,14.06,108.28
ORD-01401,2023-12-26,CUS-0189,South Africa,Africa,Fashion,Bag,98.45,1,12.57,-30.56,22.94
ORD-01402,2024-08-21,CUS-0062,United States,North America,Fashion,Shirt,570.1,5,182.25,37.09,-95.71
ORD-01403,2023-11-23,CUS-0032,Canada,North America,Groceries,Beverage,14.71,1,4.59,56.13,-106.35
ORD-01404,2024-04-03,CUS-0285,India,APAC,Fashion,Shoes,245.1,5,-17.67,20.59,78.96
ORD-01405,2025-03-28,CUS-0119,Japan,APAC,Home & Furniture,Table,408.24,4,-19.99,36.2,138.25
ORD-01406,2025-04-10,CUS-0136,Singapore,APAC,Groceries,Snacks,49.75,5,8.67,1.35,103.82
ORD-01407,2024-01-18,CUS-0377,United States,North America,Electronics,Headphone,1236.06,3,72.83,37.09,-95.71
ORD-01408,2025-08-10,CUS-0141,United States,North America,Home & Furniture,Storage,252.41,1,58.65,37.09,-95.71
ORD-01409,2023-05-14,CUS-0028,United States,North America,Home & Furniture,Lamp,339.76,2,84.49,37.09,-95.71
ORD-01410,2024-07-21,CUS-0342,Canada,North America,Electronics,Laptop,803.68,4,1.13,56.13,-106.35
ORD-01411,2024-07-12,CUS-0201,United Kingdom,Europe,Groceries,Dairy,71.6,4,-4.0,55.38,-3.44
ORD-01412,2023-09-30,CUS-0395,Nigeria,Africa,Groceries,Fresh Produce,60.4,4,16.37,9.08,8.68
ORD-01413,2024-09-11,CUS-0140,France,Europe,Fashion,Shirt,53.12,1,13.9,46.23,2.21
ORD-01414,2024-06-20,CUS-0177,Germany,Europe,Home & Furniture,Table,315.0,2,16.49,51.17,10.45
ORD-01415,2025-02-03,CUS-0184,Nigeria,Africa,Groceries,Snacks,32.1,5,-0.1,9.08,8.68
ORD-01416,2024-03-23,CUS-0303,Brazil,LATAM,Fashion,Bag,31.84,1,9.17,-14.24,-51.93
ORD-01417,2023-02-08,CUS-0209,Canada,North America,Groceries,Dairy,21.18,2,4.95,56.13,-106.35
ORD-01418,2025-01-25,CUS-0158,United Kingdom,Europe,Groceries,Fresh Produce,72.72,4,6.25,55.38,-3.44
ORD-01419,2023-12-16,CUS-0330,India,APAC,Home & Furniture,Storage,363.84,2,109.29,20.59,78.96
ORD-01420,2023-03-14,CUS-0220,Canada,North America,Groceries,Dairy,83.12,4,11.79,56.13,-106.35
ORD-01421,2023-06-17,CUS-0018,France,Europe,Electronics,Phone,747.34,2,23.44,46.23,2.21
ORD-01422,2025-07-26,CUS-0196,South Africa,Africa,Home & Furniture,Table,215.49,1,54.16,-30.56,22.94
ORD-01423,2023-03-08,CUS-0320,India,APAC,Fashion,Shirt,405.76,4,7.93,20.59,78.96
ORD-01424,2024-05-03,CUS-0202,Mexico,LATAM,Home & Furniture,Table,233.56,2,57.92,23.63,-102.55
ORD-01425,2025-05-06,CUS-0277,Mexico,LATAM,Electronics,Headphone,1141.76,4,398.73,23.63,-102.55
ORD-01426,2024-04-04,CUS-0081,India,APAC,Electronics,Laptop,1354.9,5,-54.59,20.59,78.96
ORD-01427,2023-03-30,CUS-0358,South Africa,Africa,Home & Furniture,Storage,151.13,1,-4.34,-30.56,22.94
ORD-01428,2023-02-09,CUS-0262,United States,North America,Groceries,Fresh Produce,29.58,2,5.53,37.09,-95.71
ORD-01429,2025-05-14,CUS-0236,Vietnam,APAC,Electronics,Phone,2452.24,4,-57.52,14.06,108.28
ORD-01430,2024-11-06,CUS-0203,United Kingdom,Europe,Electronics,Camera,1416.69,3,219.19,55.38,-3.44
ORD-01431,2025-07-16,CUS-0204,India,APAC,Home & Furniture,Table,741.75,3,11.48,20.59,78.96
ORD-01432,2025-03-24,CUS-0214,Vietnam,APAC,Electronics,Phone,1364.91,3,373.45,14.06,108.28
ORD-01433,2025-03-17,CUS-0241,South Africa,Africa,Groceries,Snacks,42.4,2,2.75,-30.56,22.94
ORD-01434,2023-09-01,CUS-0265,Canada,North America,Electronics,Phone,582.89,1,65.48,56.13,-106.35
ORD-01435,2024-06-05,CUS-0161,South Africa,Africa,Electronics,Headphone,1428.08,4,355.79,-30.56,22.94
ORD-01436,2023-01-11,CUS-0021,United States,North America,Groceries,Beverage,42.36,3,2.7,37.09,-95.71
ORD-01437,2023-04-30,CUS-0197,United Kingdom,Europe,Electronics,Camera,977.5,2,132.3,55.38,-3.44
ORD-01438,2025-09-05,CUS-0036,Vietnam,APAC,Home & Furniture,Storage,324.9,2,48.61,14.06,108.28
ORD-01439,2024-05-03,CUS-0228,South Africa,Africa,Home & Furniture,Lamp,729.45,3,26.67,-30.56,22.94
ORD-01440,2024-08-05,CUS-0133,United Kingdom,Europe,Fashion,Bag,293.6,5,0.46,55.38,-3.44
ORD-01441,2024-04-04,CUS-0285,India,APAC,Home & Furniture,Storage,922.3,5,266.41,20.59,78.96
ORD-01442,2023-11-21,CUS-0373,United States,North America,Electronics,Laptop,365.11,1,69.0,37.09,-95.71
ORD-01443,2025-06-27,CUS-0362,Germany,Europe,Groceries,Fresh Produce,28.02,3,7.16,51.17,10.45
ORD-01444,2025-01-13,CUS-0189,South Africa,Africa,Fashion,Bag,78.89,1,5.37,-30.56,22.94
ORD-01445,2023-11-29,CUS-0297,Singapore,APAC,Groceries,Beverage,93.45,5,4.54,1.35,103.82
ORD-01446,2023-03-26,CUS-0045,India,APAC,Home & Furniture,Lamp,200.02,2,44.29,20.59,78.96
ORD-01447,2023-09-17,CUS-0208,Germany,Europe,Groceries,Dairy,106.04,4,2.62,51.17,10.45
ORD-01448,2023-06-19,CUS-0066,South Africa,Africa,Fashion,Bag,74.95,5,18.98,-30.56,22.94
ORD-01449,2024-03-30,CUS-0387,Nigeria,Africa,Home & Furniture,Storage,196.05,3,-2.67,9.08,8.68
ORD-01450,2025-03-31,CUS-0164,Germany,Europe,Electronics,Phone,2914.25,5,79.8,51.17,10.45
ORD-01451,2025-02-15,CUS-0142,Japan,APAC,Fashion,Accessories,51.61,1,17.89,36.2,138.25
ORD-01452,2024-02-27,CUS-0071,Japan,APAC,Home & Furniture,Storage,414.63,3,128.71,36.2,138.25
ORD-01453,2023-08-01,CUS-0015,United States,North America,Home & Furniture,Lamp,591.75,3,78.5,37.09,-95.71
ORD-01454,2025-04-11,CUS-0215,Japan,APAC,Electronics,Phone,1164.25,5,319.61,36.2,138.25
ORD-01455,2024-09-11,CUS-0084,Singapore,APAC,Electronics,Laptop,975.78,3,82.18,1.35,103.82
ORD-01456,2023-10-27,CUS-0020,Canada,North America,Groceries,Beverage,14.48,2,0.48,56.13,-106.35
ORD-01457,2024-09-14,CUS-0162,Nigeria,Africa,Groceries,Snacks,5.0,1,1.75,9.08,8.68
ORD-01458,2024-07-19,CUS-0257,France,Europe,Electronics,Laptop,2254.76,4,6.19,46.23,2.21
ORD-01459,2023-06-07,CUS-0240,Singapore,APAC,Home & Furniture,Table,180.04,1,41.85,1.35,103.82
ORD-01460,2023-02-18,CUS-0089,India,APAC,Electronics,Laptop,1445.32,4,274.51,20.59,78.96
ORD-01461,2025-03-21,CUS-0140,France,Europe,Electronics,Laptop,1548.51,3,-143.46,46.23,2.21
ORD-01462,2023-01-03,CUS-0216,Brazil,LATAM,Groceries,Snacks,39.48,2,0.1,-14.24,-51.93
ORD-01463,2025-02-25,CUS-0066,South Africa,Africa,Groceries,Snacks,17.41,1,-0.06,-30.56,22.94
ORD-01464,2023-03-09,CUS-0151,Japan,APAC,Home & Furniture,Chair,423.03,3,34.16,36.2,138.25
ORD-01465,2023-12-10,CUS-0029,Vietnam,APAC,Groceries,Beverage,35.85,3,8.04,14.06,108.28
ORD-01466,2024-05-29,CUS-0323,France,Europe,Fashion,Accessories,94.76,1,25.75,46.23,2.21
ORD-01467,2025-03-02,CUS-0053,Germany,Europe,Fashion,Shoes,124.53,3,25.9,51.17,10.45
ORD-01468,2023-12-06,CUS-0183,Brazil,LATAM,Groceries,Snacks,40.08,3,2.42,-14.24,-51.93
ORD-01469,2023-05-25,CUS-0135,South Africa,Africa,Electronics,Laptop,892.56,4,71.58,-30.56,22.94
ORD-01470,2024-10-27,CUS-0042,Japan,APAC,Home & Furniture,Storage,1082.08,4,312.74,36.2,138.25
ORD-01471,2024-02-29,CUS-0304,United Kingdom,Europe,Home & Furniture,Chair,628.2,3,135.25,55.38,-3.44
ORD-01472,2023-02-02,CUS-0057,South Africa,Africa,Home & Furniture,Storage,494.67,3,48.06,-30.56,22.94
ORD-01473,2025-07-07,CUS-0194,Brazil,LATAM,Groceries,Dairy,26.74,2,7.75,-14.24,-51.93
ORD-01474,2025-04-22,CUS-0345,United Kingdom,Europe,Groceries,Beverage,38.12,2,11.6,55.38,-3.44
ORD-01475,2024-07-18,CUS-0242,Canada,North America,Electronics,Phone,1250.28,2,161.11,56.13,-106.35
ORD-01476,2023-03-26,CUS-0226,Brazil,LATAM,Groceries,Dairy,20.4,2,-1.97,-14.24,-51.93
ORD-01477,2023-07-10,CUS-0191,South Africa,Africa,Electronics,Camera,226.0,1,53.84,-30.56,22.94
ORD-01478,2025-05-12,CUS-0062,United States,North America,Groceries,Snacks,45.93,3,7.59,37.09,-95.71
ORD-01479,2023-06-11,CUS-0094,France,Europe,Home & Furniture,Chair,230.11,1,13.89,46.23,2.21
ORD-01480,2024-04-07,CUS-0239,Singapore,APAC,Electronics,Camera,1676.44,4,5.13,1.35,103.82
ORD-01481,2024-10-29,CUS-0114,Vietnam,APAC,Groceries,Fresh Produce,75.95,5,-0.57,14.06,108.28
ORD-01482,2024-05-02,CUS-0292,Vietnam,APAC,Electronics,Camera,971.12,2,8.83,14.06,108.28
ORD-01483,2025-06-04,CUS-0186,United States,North America,Home & Furniture,Lamp,467.64,4,-4.08,37.09,-95.71
ORD-01484,2024-05-31,CUS-0188,South Africa,Africa,Home & Furniture,Table,482.8,5,111.28,-30.56,22.94
ORD-01485,2024-03-11,CUS-0151,Japan,APAC,Groceries,Dairy,12.4,1,-0.96,36.2,138.25
ORD-01486,2023-04-17,CUS-0380,Japan,APAC,Groceries,Beverage,37.76,4,-1.89,36.2,138.25
ORD-01487,2023-10-24,CUS-0044,Germany,Europe,Groceries,Beverage,90.48,4,3.02,51.17,10.45
ORD-01488,2025-01-01,CUS-0130,United Kingdom,Europe,Fashion,Bag,79.74,2,16.64,55.38,-3.44
ORD-01489,2024-11-10,CUS-0057,South Africa,Africa,Home & Furniture,Table,390.38,2,36.21,-30.56,22.94
ORD-01490,2023-10-22,CUS-0057,South Africa,Africa,Home & Furniture,Storage,827.92,4,102.88,-30.56,22.94
ORD-01491,2023-03-25,CUS-0301,Germany,Europe,Fashion,Accessories,116.56,2,9.58,51.17,10.45
ORD-01492,2025-03-02,CUS-0284,Germany,Europe,Fashion,Accessories,193.72,4,15.62,51.17,10.45
ORD-01493,2023-12-30,CUS-0321,France,Europe,Electronics,Phone,1018.48,4,268.1,46.23,2.21
ORD-01494,2024-11-03,CUS-0385,South Africa,Africa,Home & Furniture,Storage,322.08,2,57.98,-30.56,22.94
ORD-01495,2024-10-07,CUS-0199,Vietnam,APAC,Groceries,Beverage,56.04,3,2.02,14.06,108.28
ORD-01496,2024-08-17,CUS-0110,United Kingdom,Europe,Home & Furniture,Table,583.29,3,-16.23,55.38,-3.44
ORD-01497,2023-03-16,CUS-0248,Singapore,APAC,Electronics,Camera,742.62,3,121.82,1.35,103.82
ORD-01498,2023-04-21,CUS-0304,United Kingdom,Europe,Fashion,Shoes,101.04,2,9.56,55.38,-3.44
ORD-01499,2023-02-03,CUS-0385,South Africa,Africa,Home & Furniture,Lamp,584.92,4,166.51,-30.56,22.94
ORD-01500,2024-09-06,CUS-0120,Vietnam,APAC,Fashion,Accessories,36.27,1,5.15,14.06,108.28
ORD-01501,2024-08-21,CUS-0107,Nigeria,Africa,Electronics,Headphone,1284.42,2,79.16,9.08,8.68
ORD-01502,2024-01-02,CUS-0311,United States,North America,Groceries,Beverage,10.0,2,1.43,37.09,-95.71
ORD-01503,2023-04-11,CUS-0111,Germany,Europe,Fashion,Bag,89.35,1,9.43,51.17,10.45
ORD-01504,2024-08-14,CUS-0356,Vietnam,APAC,Groceries,Snacks,20.91,1,0.66,14.06,108.28
ORD-01505,2024-11-20,CUS-0280,Brazil,LATAM,Electronics,Camera,2200.48,4,-137.41,-14.24,-51.93
ORD-01506,2023-07-27,CUS-0079,Canada,North America,Home & Furniture,Chair,948.85,5,-52.63,56.13,-106.35
ORD-01507,2025-02-15,CUS-0240,Singapore,APAC,Home & Furniture,Table,212.24,2,3.24,1.35,103.82
ORD-01508,2023-08-06,CUS-0087,Singapore,APAC,Fashion,Shoes,242.97,3,2.46,1.35,103.82
ORD-01509,2023-04-05,CUS-0148,Vietnam,APAC,Electronics,Phone,2997.92,4,995.9,14.06,108.28
ORD-01510,2024-11-08,CUS-0400,Vietnam,APAC,Electronics,Laptop,1273.12,2,91.52,14.06,108.28
ORD-01511,2023-10-08,CUS-0097,Singapore,APAC,Groceries,Beverage,93.04,4,22.54,1.35,103.82
ORD-01512,2025-05-21,CUS-0365,Canada,North America,Fashion,Shirt,127.35,5,30.38,56.13,-106.35
ORD-01513,2024-02-22,CUS-0179,Japan,APAC,Fashion,Shoes,76.71,3,19.03,36.2,138.25
ORD-01514,2024-02-21,CUS-0049,Japan,APAC,Fashion,Shoes,213.48,3,73.31,36.2,138.25
ORD-01515,2025-03-29,CUS-0206,United Kingdom,Europe,Fashion,Accessories,240.76,4,-6.39,55.38,-3.44
ORD-01516,2023-08-07,CUS-0054,Singapore,APAC,Home & Furniture,Storage,85.73,1,27.45,1.35,103.82
ORD-01517,2024-01-19,CUS-0103,South Africa,Africa,Groceries,Beverage,57.64,4,-4.7,-30.56,22.94
ORD-01518,2023-05-13,CUS-0073,India,APAC,Groceries,Dairy,15.92,1,0.15,20.59,78.96
ORD-01519,2024-01-28,CUS-0050,Germany,Europe,Fashion,Bag,320.1,5,31.99,51.17,10.45
ORD-01520,2024-01-19,CUS-0376,Vietnam,APAC,Electronics,Camera,401.29,1,26.35,14.06,108.28
ORD-01521,2024-12-25,CUS-0096,Nigeria,Africa,Groceries,Dairy,15.0,3,0.35,9.08,8.68
ORD-01522,2025-06-30,CUS-0333,India,APAC,Groceries,Beverage,40.62,3,1.78,20.59,78.96
ORD-01523,2023-07-21,CUS-0121,France,Europe,Groceries,Beverage,100.16,4,6.28,46.23,2.21
ORD-01524,2023-09-27,CUS-0215,Japan,APAC,Electronics,Camera,770.78,2,219.7,36.2,138.25
ORD-01525,2023-08-30,CUS-0390,Japan,APAC,Electronics,Camera,2277.5,5,432.0,36.2,138.25
ORD-01526,2024-05-27,CUS-0077,Singapore,APAC,Fashion,Bag,242.2,4,77.99,1.35,103.82
ORD-01527,2025-08-23,CUS-0224,Vietnam,APAC,Groceries,Fresh Produce,71.0,4,7.99,14.06,108.28
ORD-01528,2023-11-05,CUS-0206,United Kingdom,Europe,Electronics,Camera,450.29,1,34.29,55.38,-3.44
ORD-01529,2023-02-02,CUS-0189,South Africa,Africa,Home & Furniture,Table,239.7,2,51.14,-30.56,22.94
ORD-01530,2023-08-07,CUS-0058,Singapore,APAC,Fashion,Accessories,84.93,1,22.94,1.35,103.82
ORD-01531,2023-02-01,CUS-0356,Vietnam,APAC,Groceries,Beverage,67.6,5,4.19,14.06,108.28
ORD-01532,2025-04-08,CUS-0136,Singapore,APAC,Groceries,Fresh Produce,19.31,1,4.37,1.35,103.82
ORD-01533,2025-04-16,CUS-0381,India,APAC,Fashion,Shirt,97.12,2,2.59,20.59,78.96
ORD-01534,2023-10-11,CUS-0061,Brazil,LATAM,Electronics,Phone,2717.85,5,-56.45,-14.24,-51.93
ORD-01535,2023-05-07,CUS-0315,United Kingdom,Europe,Fashion,Shoes,390.9,5,135.18,55.38,-3.44
ORD-01536,2025-03-14,CUS-0080,Brazil,LATAM,Groceries,Snacks,49.44,3,2.34,-14.24,-51.93
ORD-01537,2024-07-08,CUS-0155,Germany,Europe,Groceries,Snacks,5.0,1,-0.12,51.17,10.45
ORD-01538,2025-05-30,CUS-0030,South Africa,Africa,Fashion,Shoes,55.58,1,0.3,-30.56,22.94
ORD-01539,2024-04-20,CUS-0188,South Africa,Africa,Electronics,Phone,438.61,1,31.25,-30.56,22.94
ORD-01540,2023-07-07,CUS-0090,France,Europe,Home & Furniture,Lamp,10.0,2,3.25,46.23,2.21
ORD-01541,2023-05-10,CUS-0014,France,Europe,Groceries,Snacks,10.0,2,2.53,46.23,2.21
ORD-01542,2025-03-20,CUS-0265,Canada,North America,Electronics,Camera,819.0,3,29.47,56.13,-106.35
ORD-01543,2023-06-07,CUS-0134,France,Europe,Electronics,Headphone,1036.78,2,92.85,46.23,2.21
ORD-01544,2023-09-18,CUS-0073,India,APAC,Groceries,Beverage,49.15,5,17.14,20.59,78.96
ORD-01545,2025-02-15,CUS-0006,Nigeria,Africa,Groceries,Fresh Produce,28.32,4,-1.04,9.08,8.68
ORD-01546,2023-01-31,CUS-0037,Mexico,LATAM,Electronics,Headphone,506.49,1,111.2,23.63,-102.55
ORD-01547,2025-06-29,CUS-0331,Canada,North America,Electronics,Laptop,515.69,1,-10.61,56.13,-106.35
ORD-01548,2023-03-15,CUS-0296,United Kingdom,Europe,Electronics,Laptop,20.0,4,-1.64,55.38,-3.44
ORD-01549,2024-04-14,CUS-0343,Japan,APAC,Fashion,Accessories,413.5,5,134.56,36.2,138.25
ORD-01550,2024-05-29,CUS-0226,Brazil,LATAM,Home & Furniture,Lamp,209.6,1,31.4,-14.24,-51.93
ORD-01551,2024-01-14,CUS-0287,Vietnam,APAC,Home & Furniture,Table,188.86,1,53.6,14.06,108.28
ORD-01552,2023-02-16,CUS-0045,India,APAC,Groceries,Beverage,48.64,4,9.55,20.59,78.96
ORD-01553,2023-09-15,CUS-0112,United Kingdom,Europe,Groceries,Beverage,36.58,2,8.44,55.38,-3.44
ORD-01554,2024-11-01,CUS-0025,Canada,North America,Groceries,Snacks,111.32,4,24.7,56.13,-106.35
ORD-01555,2024-12-12,CUS-0069,Nigeria,Africa,Home & Furniture,Table,1030.25,5,254.16,9.08,8.68
ORD-01556,2024-10-13,CUS-0396,Vietnam,APAC,Electronics,Camera,2761.12,4,-275.89,14.06,108.28
ORD-01557,2024-02-18,CUS-0041,South Africa,Africa,Fashion,Shirt,195.8,4,54.96,-30.56,22.94
ORD-01558,2023-07-17,CUS-0339,Singapore,APAC,Electronics,Camera,550.6,1,-7.49,1.35,103.82
ORD-01559,2024-08-22,CUS-0324,Vietnam,APAC,Electronics,Camera,301.63,1,-4.79,14.06,108.28
ORD-01560,2024-10-02,CUS-0129,Brazil,LATAM,Fashion,Accessories,102.33,3,23.46,-14.24,-51.93
ORD-01561,2023-06-20,CUS-0320,India,APAC,Fashion,Accessories,135.74,2,-6.01,20.59,78.96
ORD-01562,2025-01-24,CUS-0130,United Kingdom,Europe,Electronics,Laptop,607.8,4,10.47,55.38,-3.44
ORD-01563,2024-01-19,CUS-0012,Mexico,LATAM,Electronics,Headphone,1457.46,3,-108.55,23.63,-102.55
ORD-01564,2023-06-03,CUS-0084,Singapore,APAC,Fashion,Bag,632.6,5,58.86,1.35,103.82
ORD-01565,2023-09-21,CUS-0153,United States,North America,Fashion,Shoes,192.36,3,10.64,37.09,-95.71
ORD-01566,2023-12-03,CUS-0006,Nigeria,Africa,Groceries,Beverage,70.68,4,5.99,9.08,8.68
ORD-01567,2024-12-29,CUS-0320,India,APAC,Home & Furniture,Table,81.1,5,-0.84,20.59,78.96
ORD-01568,2023-12-14,CUS-0184,Nigeria,Africa,Electronics,Laptop,2250.99,3,549.64,9.08,8.68
ORD-01569,2024-03-20,CUS-0160,Brazil,LATAM,Electronics,Headphone,269.22,1,2.93,-14.24,-51.93
ORD-01570,2024-05-20,CUS-0353,France,Europe,Groceries,Snacks,29.22,3,9.43,46.23,2.21
ORD-01571,2025-05-22,CUS-0103,South Africa,Africa,Fashion,Shoes,275.5,5,-16.0,-30.56,22.94
ORD-01572,2024-09-10,CUS-0399,South Africa,Africa,Fashion,Accessories,350.08,4,-15.59,-30.56,22.94
ORD-01573,2023-03-02,CUS-0051,United States,North America,Fashion,Shirt,194.6,5,31.44,37.09,-95.71
ORD-01574,2023-12-15,CUS-0271,Mexico,LATAM,Groceries,Dairy,36.66,3,5.87,23.63,-102.55
ORD-01575,2023-01-02,CUS-0187,Canada,North America,Groceries,Beverage,19.66,2,3.76,56.13,-106.35
ORD-01576,2025-09-21,CUS-0370,Mexico,LATAM,Home & Furniture,Storage,388.64,2,36.8,23.63,-102.55
ORD-01577,2025-02-19,CUS-0323,France,Europe,Electronics,Phone,1897.8,5,175.04,46.23,2.21
ORD-01578,2024-04-14,CUS-0173,Mexico,LATAM,Fashion,Accessories,79.08,3,14.26,23.63,-102.55
ORD-01579,2024-05-23,CUS-0198,Germany,Europe,Fashion,Accessories,354.85,5,47.91,51.17,10.45
ORD-01580,2024-01-16,CUS-0272,Canada,North America,Home & Furniture,Table,442.62,2,77.89,56.13,-106.35
ORD-01581,2023-09-22,CUS-0231,Japan,APAC,Fashion,Shoes,162.25,5,45.71,36.2,138.25
ORD-01582,2023-12-04,CUS-0087,Singapore,APAC,Electronics,Laptop,1935.52,4,352.94,1.35,103.82
ORD-01583,2023-02-01,CUS-0355,Japan,APAC,Electronics,Headphone,578.26,2,201.56,36.2,138.25
ORD-01584,2024-11-09,CUS-0294,South Africa,Africa,Electronics,Laptop,829.12,2,0.33,-30.56,22.94
ORD-01585,2024-01-05,CUS-0241,South Africa,Africa,Electronics,Laptop,841.05,3,276.13,-30.56,22.94
ORD-01586,2024-02-26,CUS-0036,Vietnam,APAC,Electronics,Headphone,1793.04,3,155.58,14.06,108.28
ORD-01587,2024-02-02,CUS-0315,United Kingdom,Europe,Electronics,Phone,182.25,1,0.81,55.38,-3.44
ORD-01588,2024-11-07,CUS-0292,Vietnam,APAC,Groceries,Beverage,59.73,3,-1.93,14.06,108.28
ORD-01589,2023-10-09,CUS-0243,Germany,Europe,Fashion,Shoes,58.53,1,0.16,51.17,10.45
ORD-01590,2023-03-09,CUS-0030,South Africa,Africa,Groceries,Beverage,21.32,1,6.53,-30.56,22.94
ORD-01591,2023-12-21,CUS-0092,South Africa,Africa,Electronics,Laptop,1998.8,5,28.02,-30.56,22.94
ORD-01592,2023-06-23,CUS-0055,India,APAC,Electronics,Headphone,1290.24,4,-114.64,20.59,78.96
ORD-01593,2024-05-30,CUS-0171,Germany,Europe,Groceries,Beverage,38.0,2,11.6,51.17,10.45
ORD-01594,2024-04-13,CUS-0151,Japan,APAC,Groceries,Beverage,29.86,2,1.6,36.2,138.25
ORD-01595,2023-07-16,CUS-0104,South Africa,Africa,Home & Furniture,Lamp,815.15,5,27.46,-30.56,22.94
ORD-01596,2023-06-08,CUS-0148,Vietnam,APAC,Groceries,Fresh Produce,8.48,1,-0.63,14.06,108.28
ORD-01597,2023-03-17,CUS-0095,United States,North America,Home & Furniture,Storage,330.72,4,54.06,37.09,-95.71
ORD-01598,2025-09-14,CUS-0400,Vietnam,APAC,Fashion,Shoes,169.41,3,5.75,14.06,108.28
ORD-01599,2025-02-24,CUS-0075,France,Europe,Home & Furniture,Storage,187.11,1,48.61,46.23,2.21
ORD-01600,2025-04-25,CUS-0268,Vietnam,APAC,Home & Furniture,Chair,750.25,5,-7.28,14.06,108.28
ORD-01601,2023-07-03,CUS-0079,Canada,North America,Home & Furniture,Table,467.82,3,45.38,56.13,-106.35
ORD-01602,2024-11-13,CUS-0268,Vietnam,APAC,Electronics,Phone,1030.9,5,348.1,14.06,108.28
ORD-01603,2023-12-08,CUS-0109,Vietnam,APAC,Groceries,Snacks,22.29,1,-0.07,14.06,108.28
ORD-01604,2024-09-17,CUS-0077,Singapore,APAC,Home & Furniture,Table,517.56,3,99.19,1.35,103.82
ORD-01605,2023-04-21,CUS-0106,United Kingdom,Europe,Fashion,Accessories,60.92,2,7.46,55.38,-3.44
ORD-01606,2024-07-07,CUS-0302,South Africa,Africa,Home & Furniture,Lamp,288.7,2,14.78,-30.56,22.94
ORD-01607,2024-07-29,CUS-0157,Mexico,LATAM,Groceries,Beverage,12.0,1,3.27,23.63,-102.55
ORD-01608,2024-03-21,CUS-0100,Brazil,LATAM,Home & Furniture,Storage,303.28,2,93.3,-14.24,-51.93
ORD-01609,2024-10-03,CUS-0229,Germany,Europe,Fashion,Shirt,5.0,1,-0.04,51.17,10.45
ORD-01610,2023-04-20,CUS-0085,Brazil,LATAM,Fashion,Accessories,161.04,3,44.66,-14.24,-51.93
ORD-01611,2025-04-25,CUS-0132,Germany,Europe,Electronics,Phone,522.86,2,122.99,51.17,10.45
ORD-01612,2025-07-26,CUS-0014,France,Europe,Home & Furniture,Lamp,126.5,1,34.71,46.23,2.21
ORD-01613,2023-10-10,CUS-0217,South Africa,Africa,Home & Furniture,Lamp,90.24,2,6.93,-30.56,22.94
ORD-01614,2024-11-08,CUS-0319,Japan,APAC,Electronics,Camera,1644.72,4,435.27,36.2,138.25
ORD-01615,2024-08-23,CUS-0185,United Kingdom,Europe,Home & Furniture,Lamp,146.7,3,35.28,55.38,-3.44
ORD-01616,2024-07-29,CUS-0112,United Kingdom,Europe,Electronics,Camera,361.59,1,78.41,55.38,-3.44
ORD-01617,2023-12-24,CUS-0235,France,Europe,Fashion,Bag,206.04,3,21.03,46.23,2.21
ORD-01618,2024-10-29,CUS-0274,Japan,APAC,Home & Furniture,Chair,367.02,3,-30.23,36.2,138.25
ORD-01619,2024-09-08,CUS-0096,Nigeria,Africa,Fashion,Shoes,138.57,3,-3.7,9.08,8.68
ORD-01620,2023-08-17,CUS-0119,Japan,APAC,Home & Furniture,Storage,363.96,3,15.19,36.2,138.25
ORD-01621,2024-02-24,CUS-0292,Vietnam,APAC,Home & Furniture,Lamp,133.3,2,17.57,14.06,108.28
ORD-01622,2025-06-23,CUS-0068,South Africa,Africa,Home & Furniture,Table,901.44,4,170.95,-30.56,22.94
ORD-01623,2025-01-30,CUS-0396,Vietnam,APAC,Groceries,Fresh Produce,48.32,4,11.83,14.06,108.28
ORD-01624,2024-08-03,CUS-0103,South Africa,Africa,Groceries,Snacks,52.35,3,13.66,-30.56,22.94
ORD-01625,2024-09-16,CUS-0160,Brazil,LATAM,Home & Furniture,Storage,582.08,4,34.76,-14.24,-51.93
ORD-01626,2023-06-25,CUS-0186,United States,North America,Home & Furniture,Chair,67.42,1,7.56,37.09,-95.71
ORD-01627,2023-10-25,CUS-0114,Vietnam,APAC,Groceries,Snacks,41.66,2,-1.6,14.06,108.28
ORD-01628,2024-12-12,CUS-0311,United States,North America,Groceries,Beverage,45.88,2,10.18,37.09,-95.71
ORD-01629,2024-09-04,CUS-0185,United Kingdom,Europe,Home & Furniture,Lamp,701.64,4,165.86,55.38,-3.44
ORD-01630,2025-01-30,CUS-0119,Japan,APAC,Fashion,Bag,321.36,4,56.2,36.2,138.25
ORD-01631,2024-01-30,CUS-0047,Japan,APAC,Home & Furniture,Storage,219.32,2,31.65,36.2,138.25
ORD-01632,2024-12-22,CUS-0390,Japan,APAC,Groceries,Snacks,15.86,1,-0.94,36.2,138.25
ORD-01633,2023-01-30,CUS-0174,Nigeria,Africa,Electronics,Camera,424.19,1,-26.28,9.08,8.68
ORD-01634,2024-02-12,CUS-0225,Vietnam,APAC,Electronics,Phone,404.73,1,133.97,14.06,108.28
ORD-01635,2023-12-05,CUS-0302,South Africa,Africa,Home & Furniture,Storage,687.64,4,46.96,-30.56,22.94
ORD-01636,2024-01-19,CUS-0293,Mexico,LATAM,Fashion,Shirt,75.81,1,10.47,23.63,-102.55
ORD-01637,2024-07-25,CUS-0077,Singapore,APAC,Electronics,Headphone,604.94,2,115.12,1.35,103.82
ORD-01638,2024-02-25,CUS-0042,Japan,APAC,Electronics,Laptop,719.32,2,132.22,36.2,138.25
ORD-01639,2023-09-18,CUS-0363,Canada,North America,Home & Furniture,Storage,602.37,3,-27.71,56.13,-106.35
ORD-01640,2023-05-04,CUS-0296,United Kingdom,Europe,Electronics,Phone,1295.95,5,0.44,55.38,-3.44
ORD-01641,2024-11-13,CUS-0359,Mexico,LATAM,Electronics,Camera,2694.2,4,542.75,23.63,-102.55
ORD-01642,2024-04-09,CUS-0245,Vietnam,APAC,Groceries,Snacks,56.7,3,2.85,14.06,108.28
ORD-01643,2024-09-06,CUS-0283,India,APAC,Groceries,Dairy,45.21,3,12.42,20.59,78.96
ORD-01644,2024-08-30,CUS-0327,Mexico,LATAM,Groceries,Fresh Produce,35.22,2,3.22,23.63,-102.55
ORD-01645,2023-08-10,CUS-0147,Japan,APAC,Home & Furniture,Chair,557.91,3,17.75,36.2,138.25
ORD-01646,2025-03-04,CUS-0069,Nigeria,Africa,Home & Furniture,Lamp,185.86,2,-1.09,9.08,8.68
ORD-01647,2024-04-06,CUS-0146,Mexico,LATAM,Electronics,Phone,2576.2,5,179.95,23.63,-102.55
ORD-01648,2024-11-18,CUS-0209,Canada,North America,Fashion,Bag,192.78,2,1.44,56.13,-106.35
ORD-01649,2023-04-26,CUS-0055,India,APAC,Fashion,Accessories,185.6,2,-10.95,20.59,78.96
ORD-01650,2023-05-24,CUS-0096,Nigeria,Africa,Fashion,Accessories,266.36,4,66.39,9.08,8.68
ORD-01651,2024-12-12,CUS-0114,Vietnam,APAC,Home & Furniture,Chair,804.68,4,216.42,14.06,108.28
ORD-01652,2023-07-21,CUS-0255,Germany,Europe,Home & Furniture,Table,23.75,1,7.99,51.17,10.45
ORD-01653,2024-06-04,CUS-0096,Nigeria,Africa,Groceries,Beverage,18.16,1,0.98,9.08,8.68
ORD-01654,2023-07-21,CUS-0347,Vietnam,APAC,Fashion,Accessories,263.37,3,-4.76,14.06,108.28
ORD-01655,2024-12-11,CUS-0263,India,APAC,Electronics,Phone,1210.59,3,115.05,20.59,78.96
ORD-01656,2025-08-12,CUS-0263,India,APAC,Fashion,Accessories,272.3,5,41.17,20.59,78.96
ORD-01657,2024-02-18,CUS-0340,Singapore,APAC,Groceries,Dairy,94.95,5,-6.95,1.35,103.82
ORD-01658,2024-09-25,CUS-0278,India,APAC,Fashion,Shoes,41.8,2,5.4,20.59,78.96
ORD-01659,2023-01-16,CUS-0062,United States,North America,Groceries,Snacks,19.4,2,2.46,37.09,-95.71
ORD-01660,2024-05-29,CUS-0311,United States,North America,Home & Furniture,Chair,1009.6,5,310.26,37.09,-95.71
ORD-01661,2024-12-27,CUS-0108,Nigeria,Africa,Groceries,Beverage,24.11,1,5.05,9.08,8.68
ORD-01662,2024-11-27,CUS-0325,France,Europe,Home & Furniture,Chair,941.68,4,134.96,46.23,2.21
ORD-01663,2024-12-22,CUS-0052,United Kingdom,Europe,Fashion,Bag,411.8,5,48.91,55.38,-3.44
ORD-01664,2023-03-19,CUS-0298,Germany,Europe,Electronics,Headphone,372.78,2,99.47,51.17,10.45
ORD-01665,2023-02-18,CUS-0309,Vietnam,APAC,Home & Furniture,Storage,428.0,5,105.87,14.06,108.28
ORD-01666,2023-02-01,CUS-0276,South Africa,Africa,Fashion,Shoes,357.72,4,90.38,-30.56,22.94
ORD-01667,2024-04-13,CUS-0368,Canada,North America,Home & Furniture,Chair,195.24,1,6.12,56.13,-106.35
ORD-01668,2023-12-11,CUS-0387,Nigeria,Africa,Electronics,Camera,773.56,1,-28.22,9.08,8.68
ORD-01669,2023-10-24,CUS-0147,Japan,APAC,Fashion,Shirt,77.74,2,-6.85,36.2,138.25
ORD-01670,2025-08-16,CUS-0108,Nigeria,Africa,Electronics,Laptop,1568.25,3,370.48,9.08,8.68
ORD-01671,2023-08-19,CUS-0147,Japan,APAC,Fashion,Accessories,134.9,2,33.91,36.2,138.25
ORD-01672,2024-04-21,CUS-0208,Germany,Europe,Fashion,Bag,105.88,2,34.04,51.17,10.45
ORD-01673,2024-07-26,CUS-0153,United States,North America,Fashion,Shirt,208.48,4,-8.2,37.09,-95.71
ORD-01674,2025-01-09,CUS-0251,Brazil,LATAM,Fashion,Bag,265.25,5,35.76,-14.24,-51.93
ORD-01675,2024-09-26,CUS-0291,France,Europe,Fashion,Accessories,76.29,1,22.37,46.23,2.21
ORD-01676,2025-04-23,CUS-0214,Vietnam,APAC,Home & Furniture,Table,10.0,2,1.86,14.06,108.28
ORD-01677,2024-04-03,CUS-0131,South Africa,Africa,Home & Furniture,Chair,275.68,2,35.15,-30.56,22.94
ORD-01678,2024-07-28,CUS-0044,Germany,Europe,Fashion,Accessories,85.5,3,27.33,51.17,10.45
ORD-01679,2025-04-28,CUS-0050,Germany,Europe,Home & Furniture,Storage,128.0,1,29.33,51.17,10.45
ORD-01680,2024-10-16,CUS-0091,Germany,Europe,Electronics,Headphone,1504.8,4,377.09,51.17,10.45
ORD-01681,2023-07-24,CUS-0096,Nigeria,Africa,Home & Furniture,Lamp,416.55,3,60.72,9.08,8.68
ORD-01682,2025-04-14,CUS-0071,Japan,APAC,Fashion,Shoes,100.98,1,28.96,36.2,138.25
ORD-01683,2024-09-20,CUS-0014,France,Europe,Fashion,Bag,170.3,2,52.3,46.23,2.21
ORD-01684,2023-01-29,CUS-0280,Brazil,LATAM,Fashion,Shirt,180.63,3,50.48,-14.24,-51.93
ORD-01685,2023-10-21,CUS-0400,Vietnam,APAC,Electronics,Headphone,977.35,5,12.51,14.06,108.28
ORD-01686,2023-04-08,CUS-0044,Germany,Europe,Electronics,Laptop,1422.84,3,279.15,51.17,10.45
ORD-01687,2025-06-21,CUS-0081,India,APAC,Electronics,Laptop,778.44,3,77.82,20.59,78.96
ORD-01688,2025-04-10,CUS-0283,India,APAC,Electronics,Camera,1120.52,4,-57.16,20.59,78.96
ORD-01689,2024-12-23,CUS-0384,Vietnam,APAC,Electronics,Laptop,462.6,2,135.68,14.06,108.28
ORD-01690,2023-03-08,CUS-0326,India,APAC,Electronics,Camera,2278.4,5,142.63,20.59,78.96
ORD-01691,2023-11-01,CUS-0130,United Kingdom,Europe,Fashion,Shirt,91.2,1,14.19,55.38,-3.44
ORD-01692,2023-02-08,CUS-0018,France,Europe,Electronics,Phone,2212.35,5,282.69,46.23,2.21
ORD-01693,2024-05-30,CUS-0203,United Kingdom,Europe,Electronics,Phone,1367.01,3,-84.17,55.38,-3.44
ORD-01694,2025-04-25,CUS-0326,India,APAC,Groceries,Snacks,62.24,4,-2.77,20.59,78.96
ORD-01695,2023-03-28,CUS-0336,Japan,APAC,Electronics,Laptop,1114.14,3,217.03,36.2,138.25
ORD-01696,2025-05-18,CUS-0232,Vietnam,APAC,Fashion,Shoes,70.25,1,19.47,14.06,108.28
ORD-01697,2024-07-06,CUS-0122,Japan,APAC,Home & Furniture,Storage,319.04,4,-12.25,36.2,138.25
ORD-01698,2023-05-12,CUS-0060,United Kingdom,Europe,Home & Furniture,Table,284.13,1,24.31,55.38,-3.44
ORD-01699,2023-12-17,CUS-0161,South Africa,Africa,Groceries,Beverage,105.64,4,27.58,-30.56,22.94
ORD-01700,2025-08-28,CUS-0134,France,Europe,Electronics,Camera,2203.08,4,146.26,46.23,2.21
ORD-01701,2023-10-26,CUS-0236,Vietnam,APAC,Fashion,Accessories,171.5,5,-7.91,14.06,108.28
ORD-01702,2024-11-20,CUS-0336,Japan,APAC,Fashion,Shoes,225.93,3,3.69,36.2,138.25
ORD-01703,2023-12-08,CUS-0037,Mexico,LATAM,Electronics,Phone,2415.6,5,334.31,23.63,-102.55
ORD-01704,2023-04-17,CUS-0123,Japan,APAC,Electronics,Phone,945.75,5,112.86,36.2,138.25
ORD-01705,2024-02-01,CUS-0078,Canada,North America,Groceries,Beverage,82.55,5,25.83,56.13,-106.35
ORD-01706,2023-07-21,CUS-0203,United Kingdom,Europe,Fashion,Shoes,140.64,4,43.41,55.38,-3.44
ORD-01707,2024-04-12,CUS-0049,Japan,APAC,Fashion,Shoes,265.88,4,70.97,36.2,138.25
ORD-01708,2024-06-23,CUS-0169,United States,North America,Electronics,Headphone,611.62,2,39.45,37.09,-95.71
ORD-01709,2023-08-15,CUS-0304,United Kingdom,Europe,Fashion,Bag,53.49,1,4.98,55.38,-3.44
ORD-01710,2025-07-19,CUS-0367,Japan,APAC,Fashion,Shirt,97.83,1,27.3,36.2,138.25
ORD-01711,2023-05-05,CUS-0244,United States,North America,Home & Furniture,Table,156.47,1,12.99,37.09,-95.71
ORD-01712,2024-08-14,CUS-0180,Canada,North America,Home & Furniture,Lamp,340.84,2,28.23,56.13,-106.35
ORD-01713,2023-07-13,CUS-0253,Germany,Europe,Groceries,Snacks,37.95,3,3.36,51.17,10.45
ORD-01714,2024-11-25,CUS-0328,Vietnam,APAC,Home & Furniture,Storage,92.49,1,5.49,14.06,108.28
ORD-01715,2023-12-03,CUS-0315,United Kingdom,Europe,Fashion,Accessories,238.56,3,-17.74,55.38,-3.44
ORD-01716,2025-03-09,CUS-0252,Canada,North America,Electronics,Laptop,592.9,2,95.07,56.13,-106.35
ORD-01717,2023-07-10,CUS-0325,France,Europe,Electronics,Laptop,2347.0,4,734.1,46.23,2.21
ORD-01718,2025-03-17,CUS-0344,Nigeria,Africa,Fashion,Bag,155.62,2,-12.14,9.08,8.68
ORD-01719,2023-01-26,CUS-0303,Brazil,LATAM,Electronics,Phone,1706.44,4,569.96,-14.24,-51.93
ORD-01720,2025-03-01,CUS-0325,France,Europe,Groceries,Dairy,83.7,5,7.76,46.23,2.21
ORD-01721,2024-08-05,CUS-0002,India,APAC,Home & Furniture,Storage,907.9,5,-59.49,20.59,78.96
ORD-01722,2023-06-16,CUS-0087,Singapore,APAC,Home & Furniture,Chair,398.6,4,37.24,1.35,103.82
ORD-01723,2023-05-08,CUS-0155,Germany,Europe,Groceries,Fresh Produce,43.42,2,-3.46,51.17,10.45
ORD-01724,2024-02-04,CUS-0242,Canada,North America,Fashion,Bag,123.99,3,5.5,56.13,-106.35
ORD-01725,2024-08-20,CUS-0033,Nigeria,Africa,Groceries,Fresh Produce,115.4,5,24.4,9.08,8.68
ORD-01726,2023-09-18,CUS-0012,Mexico,LATAM,Fashion,Accessories,271.95,5,16.46,23.63,-102.55
ORD-01727,2024-08-11,CUS-0297,Singapore,APAC,Home & Furniture,Lamp,341.92,2,117.69,1.35,103.82
ORD-01728,2025-07-04,CUS-0182,Singapore,APAC,Groceries,Dairy,38.28,3,12.22,1.35,103.82
ORD-01729,2024-01-06,CUS-0346,India,APAC,Home & Furniture,Table,489.56,4,59.51,20.59,78.96
ORD-01730,2025-02-02,CUS-0110,United Kingdom,Europe,Home & Furniture,Storage,632.37,3,178.43,55.38,-3.44
ORD-01731,2025-02-23,CUS-0079,Canada,North America,Fashion,Accessories,523.55,5,-32.97,56.13,-106.35
ORD-01732,2023-11-26,CUS-0163,Japan,APAC,Home & Furniture,Storage,815.36,4,249.13,36.2,138.25
ORD-01733,2023-07-08,CUS-0253,Germany,Europe,Home & Furniture,Lamp,52.05,5,5.75,51.17,10.45
ORD-01734,2025-01-28,CUS-0319,Japan,APAC,Electronics,Laptop,1871.7,5,-93.64,36.2,138.25
ORD-01735,2023-12-08,CUS-0208,Germany,Europe,Electronics,Camera,276.21,3,-25.61,51.17,10.45
ORD-01736,2023-07-01,CUS-0307,Vietnam,APAC,Home & Furniture,Lamp,27.99,1,3.58,14.06,108.28
ORD-01737,2024-09-28,CUS-0319,Japan,APAC,Home & Furniture,Lamp,795.0,5,193.55,36.2,138.25
ORD-01738,2025-01-10,CUS-0274,Japan,APAC,Groceries,Beverage,30.96,2,3.8,36.2,138.25
ORD-01739,2023-02-23,CUS-0079,Canada,North America,Groceries,Fresh Produce,53.36,4,14.7,56.13,-106.35
ORD-01740,2024-09-09,CUS-0397,United States,North America,Electronics,Phone,2956.9,5,912.28,37.09,-95.71
ORD-01741,2023-10-01,CUS-0190,South Africa,Africa,Fashion,Shoes,381.25,5,89.08,-30.56,22.94
ORD-01742,2023-06-19,CUS-0167,Nigeria,Africa,Electronics,Laptop,1574.64,4,333.99,9.08,8.68
ORD-01743,2025-01-28,CUS-0369,France,Europe,Groceries,Dairy,13.01,1,3.83,46.23,2.21
ORD-01744,2023-06-10,CUS-0310,South Africa,Africa,Groceries,Dairy,62.72,4,-1.64,-30.56,22.94
ORD-01745,2024-04-26,CUS-0039,Brazil,LATAM,Electronics,Headphone,711.99,3,143.69,-14.24,-51.93
ORD-01746,2023-06-16,CUS-0147,Japan,APAC,Home & Furniture,Storage,592.35,5,93.2,36.2,138.25
ORD-01747,2025-03-17,CUS-0076,India,APAC,Groceries,Dairy,11.4,1,0.03,20.59,78.96
ORD-01748,2025-05-19,CUS-0327,Mexico,LATAM,Fashion,Shirt,99.57,3,11.83,23.63,-102.55
ORD-01749,2025-06-07,CUS-0306,South Africa,Africa,Electronics,Headphone,1473.16,4,-37.03,-30.56,22.94
ORD-01750,2025-02-13,CUS-0397,United States,North America,Home & Furniture,Storage,270.68,2,53.29,37.09,-95.71
ORD-01751,2023-08-27,CUS-0179,Japan,APAC,Fashion,Bag,158.98,2,6.03,36.2,138.25
ORD-01752,2024-02-20,CUS-0265,Canada,North America,Groceries,Snacks,77.9,5,19.83,56.13,-106.35
ORD-01753,2023-07-24,CUS-0320,India,APAC,Fashion,Accessories,185.25,3,10.33,20.59,78.96
ORD-01754,2023-07-24,CUS-0110,United Kingdom,Europe,Home & Furniture,Lamp,82.15,1,12.19,55.38,-3.44
ORD-01755,2023-05-20,CUS-0077,Singapore,APAC,Groceries,Fresh Produce,31.66,2,-2.32,1.35,103.82
ORD-01756,2024-01-17,CUS-0380,Japan,APAC,Groceries,Fresh Produce,32.64,2,2.9,36.2,138.25
ORD-01757,2025-05-15,CUS-0066,South Africa,Africa,Home & Furniture,Table,246.04,4,60.02,-30.56,22.94
ORD-01758,2024-09-02,CUS-0225,Vietnam,APAC,Fashion,Shoes,287.2,4,0.03,14.06,108.28
ORD-01759,2024-04-18,CUS-0285,India,APAC,Electronics,Camera,400.81,1,94.17,20.59,78.96
ORD-01760,2024-01-25,CUS-0145,Canada,North America,Groceries,Snacks,94.55,5,20.43,56.13,-106.35
ORD-01761,2025-02-09,CUS-0336,Japan,APAC,Groceries,Snacks,91.15,5,4.73,36.2,138.25
ORD-01762,2023-05-03,CUS-0282,Japan,APAC,Home & Furniture,Lamp,399.45,5,80.61,36.2,138.25
ORD-01763,2023-10-19,CUS-0031,Brazil,LATAM,Fashion,Shirt,82.78,1,18.18,-14.24,-51.93
ORD-01764,2023-03-01,CUS-0303,Brazil,LATAM,Fashion,Accessories,82.99,1,-4.58,-14.24,-51.93
ORD-01765,2024-06-28,CUS-0195,Germany,Europe,Home & Furniture,Table,527.0,5,74.55,51.17,10.45
ORD-01766,2024-08-27,CUS-0368,Canada,North America,Fashion,Accessories,370.2,4,58.18,56.13,-106.35
ORD-01767,2024-10-01,CUS-0081,India,APAC,Fashion,Bag,232.52,4,50.92,20.59,78.96
ORD-01768,2025-05-16,CUS-0294,South Africa,Africa,Electronics,Phone,1329.51,3,225.12,-30.56,22.94
ORD-01769,2024-07-13,CUS-0218,France,Europe,Fashion,Accessories,37.3,1,6.45,46.23,2.21
ORD-01770,2025-03-12,CUS-0380,Japan,APAC,Home & Furniture,Lamp,734.88,4,-26.15,36.2,138.25
ORD-01771,2024-07-16,CUS-0023,France,Europe,Electronics,Phone,932.58,3,305.05,46.23,2.21
ORD-01772,2024-01-10,CUS-0050,Germany,Europe,Home & Furniture,Table,668.79,3,210.1,51.17,10.45
ORD-01773,2024-03-18,CUS-0265,Canada,North America,Fashion,Shirt,81.0,1,12.54,56.13,-106.35
ORD-01774,2024-12-30,CUS-0224,Vietnam,APAC,Groceries,Beverage,42.76,4,12.7,14.06,108.28
ORD-01775,2024-01-21,CUS-0288,France,Europe,Home & Furniture,Chair,255.8,4,-10.62,46.23,2.21
ORD-01776,2024-01-04,CUS-0351,India,APAC,Groceries,Fresh Produce,40.7,5,4.39,20.59,78.96
ORD-01777,2024-07-13,CUS-0062,United States,North America,Home & Furniture,Lamp,137.43,1,6.78,37.09,-95.71
ORD-01778,2024-03-10,CUS-0091,Germany,Europe,Fashion,Shirt,52.78,1,5.54,51.17,10.45
ORD-01779,2023-09-20,CUS-0291,France,Europe,Electronics,Camera,919.82,2,230.84,46.23,2.21
ORD-01780,2024-06-01,CUS-0222,United Kingdom,Europe,Electronics,Laptop,608.52,2,77.81,55.38,-3.44
ORD-01781,2023-08-05,CUS-0302,South Africa,Africa,Home & Furniture,Lamp,696.24,4,174.82,-30.56,22.94
ORD-01782,2023-12-23,CUS-0400,Vietnam,APAC,Groceries,Fresh Produce,61.35,3,-1.99,14.06,108.28
ORD-01783,2025-01-09,CUS-0093,United Kingdom,Europe,Home & Furniture,Storage,307.46,2,13.54,55.38,-3.44
ORD-01784,2024-01-06,CUS-0162,Nigeria,Africa,Electronics,Headphone,1578.65,5,-45.91,9.08,8.68
ORD-01785,2023-06-18,CUS-0236,Vietnam,APAC,Groceries,Dairy,36.38,2,7.81,14.06,108.28
ORD-01786,2023-12-05,CUS-0189,South Africa,Africa,Groceries,Snacks,13.59,1,1.89,-30.56,22.94
ORD-01787,2024-09-20,CUS-0115,South Africa,Africa,Groceries,Beverage,39.2,4,12.19,-30.56,22.94
ORD-01788,2023-12-17,CUS-0106,United Kingdom,Europe,Home & Furniture,Storage,336.3,2,104.85,55.38,-3.44
ORD-01789,2024-10-13,CUS-0377,United States,North America,Home & Furniture,Lamp,419.2,5,114.12,37.09,-95.71
ORD-01790,2023-01-27,CUS-0296,United Kingdom,Europe,Home & Furniture,Chair,74.16,1,20.82,55.38,-3.44
ORD-01791,2025-04-23,CUS-0064,India,APAC,Home & Furniture,Chair,948.05,5,77.8,20.59,78.96
ORD-01792,2024-06-05,CUS-0167,Nigeria,Africa,Fashion,Bag,87.91,1,21.38,9.08,8.68
ORD-01793,2025-05-16,CUS-0397,United States,North America,Groceries,Beverage,94.6,5,23.2,37.09,-95.71
ORD-01794,2023-01-01,CUS-0212,United Kingdom,Europe,Fashion,Shirt,75.48,1,4.01,55.38,-3.44
ORD-01795,2023-10-30,CUS-0356,Vietnam,APAC,Fashion,Bag,457.95,5,64.61,14.06,108.28
ORD-01796,2024-10-01,CUS-0163,Japan,APAC,Groceries,Fresh Produce,84.0,5,4.94,36.2,138.25
ORD-01797,2024-09-16,CUS-0181,South Africa,Africa,Groceries,Snacks,55.56,4,10.02,-30.56,22.94
ORD-01798,2024-11-14,CUS-0052,United Kingdom,Europe,Electronics,Laptop,2637.16,4,522.89,55.38,-3.44
ORD-01799,2024-06-18,CUS-0220,Canada,North America,Electronics,Phone,882.48,3,155.0,56.13,-106.35
ORD-01800,2024-09-19,CUS-0292,Vietnam,APAC,Groceries,Snacks,5.0,1,1.64,14.06,108.28
ORD-01801,2025-03-11,CUS-0317,Japan,APAC,Electronics,Laptop,2385.5,5,784.04,36.2,138.25
ORD-01802,2025-04-16,CUS-0107,Nigeria,Africa,Home & Furniture,Chair,66.99,1,-5.83,9.08,8.68
ORD-01803,2024-12-25,CUS-0219,Mexico,LATAM,Home & Furniture,Table,163.48,1,23.59,23.63,-102.55
ORD-01804,2025-02-27,CUS-0094,France,Europe,Home & Furniture,Storage,454.04,2,40.88,46.23,2.21
ORD-01805,2023-02-02,CUS-0056,United Kingdom,Europe,Groceries,Beverage,93.4,4,31.0,55.38,-3.44
ORD-01806,2025-07-24,CUS-0068,South Africa,Africa,Home & Furniture,Lamp,20.0,4,4.1,-30.56,22.94
ORD-01807,2023-10-01,CUS-0093,United Kingdom,Europe,Home & Furniture,Chair,430.11,3,97.03,55.38,-3.44
ORD-01808,2025-03-27,CUS-0277,Mexico,LATAM,Fashion,Shoes,63.98,1,-6.13,23.63,-102.55
ORD-01809,2024-09-26,CUS-0061,Brazil,LATAM,Groceries,Snacks,41.55,5,9.26,-14.24,-51.93
ORD-01810,2023-06-06,CUS-0228,South Africa,Africa,Home & Furniture,Lamp,419.92,4,107.85,-30.56,22.94
ORD-01811,2024-01-07,CUS-0017,France,Europe,Fashion,Bag,252.8,5,78.18,46.23,2.21
ORD-01812,2025-03-06,CUS-0035,United Kingdom,Europe,Home & Furniture,Storage,159.22,2,2.26,55.38,-3.44
ORD-01813,2024-06-04,CUS-0182,Singapore,APAC,Electronics,Laptop,96.83,1,6.5,1.35,103.82
ORD-01814,2024-05-13,CUS-0095,United States,North America,Fashion,Shoes,59.09,1,-2.82,37.09,-95.71
ORD-01815,2024-01-28,CUS-0057,South Africa,Africa,Groceries,Fresh Produce,46.59,3,8.85,-30.56,22.94
ORD-01816,2023-11-08,CUS-0165,Vietnam,APAC,Groceries,Beverage,16.0,1,-1.26,14.06,108.28
ORD-01817,2024-03-13,CUS-0367,Japan,APAC,Electronics,Headphone,2322.05,5,289.8,36.2,138.25
ORD-01818,2025-04-01,CUS-0300,Japan,APAC,Home & Furniture,Lamp,198.62,1,-14.78,36.2,138.25
ORD-01819,2024-06-14,CUS-0292,Vietnam,APAC,Groceries,Beverage,22.08,4,0.37,14.06,108.28
ORD-01820,2025-04-22,CUS-0020,Canada,North America,Electronics,Headphone,2810.25,5,-253.18,56.13,-106.35
ORD-01821,2023-07-29,CUS-0043,South Africa,Africa,Fashion,Shirt,135.9,3,16.99,-30.56,22.94
ORD-01822,2024-09-06,CUS-0092,South Africa,Africa,Fashion,Bag,38.78,1,-2.39,-30.56,22.94
ORD-01823,2024-12-14,CUS-0239,Singapore,APAC,Groceries,Snacks,9.92,1,-0.08,1.35,103.82
ORD-01824,2023-05-18,CUS-0173,Mexico,LATAM,Electronics,Headphone,467.13,1,32.75,23.63,-102.55
ORD-01825,2023-08-30,CUS-0023,France,Europe,Home & Furniture,Chair,335.37,3,-17.8,46.23,2.21
ORD-01826,2024-04-14,CUS-0117,France,Europe,Fashion,Shirt,37.34,2,12.14,46.23,2.21
ORD-01827,2024-04-20,CUS-0080,Brazil,LATAM,Groceries,Dairy,20.08,4,0.02,-14.24,-51.93
ORD-01828,2025-07-11,CUS-0042,Japan,APAC,Electronics,Phone,518.42,2,176.92,36.2,138.25
ORD-01829,2025-01-28,CUS-0253,Germany,Europe,Fashion,Shirt,307.84,4,-4.7,51.17,10.45
ORD-01830,2023-04-08,CUS-0290,Singapore,APAC,Fashion,Shoes,118.64,2,-6.11,1.35,103.82
ORD-01831,2023-11-27,CUS-0237,Mexico,LATAM,Fashion,Bag,81.54,2,22.9,23.63,-102.55
ORD-01832,2024-09-07,CUS-0092,South Africa,Africa,Groceries,Snacks,38.96,4,12.3,-30.56,22.94
ORD-01833,2023-01-22,CUS-0268,Vietnam,APAC,Fashion,Shirt,207.32,4,-4.15,14.06,108.28
ORD-01834,2023-10-26,CUS-0028,United States,North America,Groceries,Fresh Produce,40.44,4,-1.26,37.09,-95.71
ORD-01835,2023-05-30,CUS-0270,South Africa,Africa,Home & Furniture,Table,589.62,3,64.18,-30.56,22.94
ORD-01836,2024-05-25,CUS-0360,Japan,APAC,Groceries,Dairy,29.45,5,8.76,36.2,138.25
ORD-01837,2024-04-15,CUS-0050,Germany,Europe,Electronics,Camera,1847.04,4,582.36,51.17,10.45
ORD-01838,2023-07-01,CUS-0318,Japan,APAC,Fashion,Shoes,234.65,5,1.17,36.2,138.25
ORD-01839,2023-08-02,CUS-0287,Vietnam,APAC,Electronics,Laptop,953.0,4,69.17,14.06,108.28
ORD-01840,2024-04-22,CUS-0297,Singapore,APAC,Electronics,Laptop,938.58,3,284.21,1.35,103.82
ORD-01841,2024-11-14,CUS-0337,United Kingdom,Europe,Home & Furniture,Table,758.2,5,144.68,55.38,-3.44
ORD-01842,2023-01-21,CUS-0293,Mexico,LATAM,Groceries,Beverage,25.0,5,7.24,23.63,-102.55
ORD-01843,2023-05-01,CUS-0175,India,APAC,Home & Furniture,Lamp,242.62,2,31.13,20.59,78.96
ORD-01844,2023-01-30,CUS-0284,Germany,Europe,Electronics,Phone,2749.4,5,656.8,51.17,10.45
ORD-01845,2024-08-29,CUS-0089,India,APAC,Fashion,Accessories,66.02,2,21.6,20.59,78.96
ORD-01846,2025-04-15,CUS-0125,Mexico,LATAM,Fashion,Bag,185.79,3,-0.13,23.63,-102.55
ORD-01847,2024-01-21,CUS-0344,Nigeria,Africa,Home & Furniture,Lamp,126.52,1,5.11,9.08,8.68
ORD-01848,2024-12-29,CUS-0393,United States,North America,Groceries,Beverage,18.3,1,5.43,37.09,-95.71
ORD-01849,2023-02-07,CUS-0228,South Africa,Africa,Home & Furniture,Lamp,586.8,5,58.45,-30.56,22.94
ORD-01850,2024-10-28,CUS-0369,France,Europe,Fashion,Shoes,232.0,4,12.68,46.23,2.21
ORD-01851,2025-04-25,CUS-0303,Brazil,LATAM,Fashion,Accessories,215.46,3,-6.89,-14.24,-51.93
ORD-01852,2025-06-23,CUS-0145,Canada,North America,Groceries,Fresh Produce,18.71,1,1.17,56.13,-106.35
ORD-01853,2023-10-07,CUS-0311,United States,North America,Groceries,Dairy,33.7,2,9.15,37.09,-95.71
ORD-01854,2023-01-26,CUS-0106,United Kingdom,Europe,Groceries,Dairy,29.68,2,5.55,55.38,-3.44
ORD-01855,2025-05-07,CUS-0333,India,APAC,Home & Furniture,Chair,201.4,1,67.86,20.59,78.96
ORD-01856,2023-12-12,CUS-0389,Canada,North America,Electronics,Camera,933.15,5,179.7,56.13,-106.35
ORD-01857,2024-10-20,CUS-0312,United States,North America,Fashion,Bag,105.36,2,-7.78,37.09,-95.71
ORD-01858,2023-01-13,CUS-0183,Brazil,LATAM,Groceries,Snacks,36.72,4,9.11,-14.24,-51.93
ORD-01859,2024-04-18,CUS-0293,Mexico,LATAM,Groceries,Dairy,36.6,5,1.06,23.63,-102.55
ORD-01860,2023-11-08,CUS-0256,Mexico,LATAM,Home & Furniture,Storage,649.48,4,196.67,23.63,-102.55
ORD-01861,2023-03-20,CUS-0073,India,APAC,Fashion,Shirt,166.0,5,20.75,20.59,78.96
ORD-01862,2023-12-08,CUS-0013,Mexico,LATAM,Electronics,Camera,772.14,2,41.67,23.63,-102.55
ORD-01863,2024-03-30,CUS-0224,Vietnam,APAC,Electronics,Phone,460.95,1,45.85,14.06,108.28
ORD-01864,2024-01-25,CUS-0068,South Africa,Africa,Home & Furniture,Lamp,227.1,2,14.46,-30.56,22.94
ORD-01865,2023-05-24,CUS-0161,South Africa,Africa,Groceries,Snacks,43.12,4,5.81,-30.56,22.94
ORD-01866,2024-06-14,CUS-0220,Canada,North America,Groceries,Beverage,109.12,4,17.26,56.13,-106.35
ORD-01867,2024-11-08,CUS-0137,Vietnam,APAC,Electronics,Phone,567.84,1,124.31,14.06,108.28
ORD-01868,2023-04-25,CUS-0085,Brazil,LATAM,Electronics,Headphone,1471.64,4,148.12,-14.24,-51.93
ORD-01869,2025-10-15,CUS-0229,Germany,Europe,Electronics,Camera,1765.45,5,595.54,51.17,10.45
ORD-01870,2025-05-07,CUS-0109,Vietnam,APAC,Fashion,Accessories,369.12,4,30.11,14.06,108.28
ORD-01871,2024-11-02,CUS-0216,Brazil,LATAM,Electronics,Laptop,326.54,2,95.41,-14.24,-51.93
ORD-01872,2024-12-02,CUS-0146,Mexico,LATAM,Home & Furniture,Chair,608.28,3,-9.36,23.63,-102.55
ORD-01873,2024-08-24,CUS-0260,Canada,North America,Electronics,Laptop,2696.6,4,466.99,56.13,-106.35
ORD-01874,2024-02-25,CUS-0303,Brazil,LATAM,Groceries,Snacks,42.6,3,-4.25,-14.24,-51.93
ORD-01875,2024-12-13,CUS-0395,Nigeria,Africa,Fashion,Shoes,208.68,2,-8.41,9.08,8.68
ORD-01876,2023-02-28,CUS-0071,Japan,APAC,Electronics,Camera,271.37,1,-12.65,36.2,138.25
ORD-01877,2024-06-26,CUS-0026,Singapore,APAC,Fashion,Shirt,250.55,5,29.28,1.35,103.82
ORD-01878,2023-02-26,CUS-0260,Canada,North America,Electronics,Laptop,1043.55,5,-62.68,56.13,-106.35
ORD-01879,2024-08-01,CUS-0046,United Kingdom,Europe,Electronics,Camera,2416.3,5,576.09,55.38,-3.44
ORD-01880,2024-06-10,CUS-0328,Vietnam,APAC,Groceries,Beverage,37.65,3,-0.3,14.06,108.28
ORD-01881,2025-04-17,CUS-0287,Vietnam,APAC,Fashion,Shirt,243.96,4,51.29,14.06,108.28
ORD-01882,2023-08-12,CUS-0187,Canada,North America,Groceries,Dairy,100.2,5,25.92,56.13,-106.35
ORD-01883,2024-06-17,CUS-0169,United States,North America,Fashion,Accessories,246.09,3,-4.24,37.09,-95.71
ORD-01884,2023-12-29,CUS-0380,Japan,APAC,Home & Furniture,Storage,183.6,5,-2.43,36.2,138.25
ORD-01885,2025-04-21,CUS-0382,Japan,APAC,Home & Furniture,Chair,254.85,3,40.18,36.2,138.25
ORD-01886,2024-01-30,CUS-0400,Vietnam,APAC,Fashion,Shoes,82.68,3,23.84,14.06,108.28
ORD-01887,2024-03-23,CUS-0317,Japan,APAC,Fashion,Accessories,25.05,1,4.15,36.2,138.25
ORD-01888,2024-08-05,CUS-0017,France,Europe,Fashion,Shoes,28.76,1,-2.83,46.23,2.21
ORD-01889,2023-03-30,CUS-0198,Germany,Europe,Home & Furniture,Table,128.68,2,-11.16,51.17,10.45
ORD-01890,2024-02-02,CUS-0099,France,Europe,Groceries,Dairy,38.6,4,-3.24,46.23,2.21
ORD-01891,2024-05-28,CUS-0216,Brazil,LATAM,Groceries,Fresh Produce,133.4,5,10.23,-14.24,-51.93
ORD-01892,2024-01-04,CUS-0078,Canada,North America,Fashion,Bag,265.2,4,-13.9,56.13,-106.35
ORD-01893,2024-04-06,CUS-0125,Mexico,LATAM,Groceries,Fresh Produce,19.08,3,5.51,23.63,-102.55
ORD-01894,2024-04-02,CUS-0309,Vietnam,APAC,Fashion,Shoes,33.54,3,3.02,14.06,108.28
ORD-01895,2024-06-18,CUS-0156,Germany,Europe,Electronics,Phone,873.32,4,-43.03,51.17,10.45
ORD-01896,2023-02-18,CUS-0330,India,APAC,Electronics,Camera,445.06,1,-2.04,20.59,78.96
ORD-01897,2023-08-14,CUS-0396,Vietnam,APAC,Home & Furniture,Lamp,195.88,2,9.21,14.06,108.28
ORD-01898,2023-12-07,CUS-0384,Vietnam,APAC,Groceries,Beverage,22.39,1,4.91,14.06,108.28
ORD-01899,2024-03-19,CUS-0194,Brazil,LATAM,Home & Furniture,Lamp,500.94,3,74.5,-14.24,-51.93
ORD-01900,2023-05-25,CUS-0244,United States,North America,Home & Furniture,Chair,310.54,2,53.75,37.09,-95.71
ORD-01901,2023-03-08,CUS-0131,South Africa,Africa,Electronics,Headphone,474.07,1,56.32,-30.56,22.94
ORD-01902,2023-02-02,CUS-0171,Germany,Europe,Home & Furniture,Chair,577.6,5,82.88,51.17,10.45
ORD-01903,2023-01-01,CUS-0211,Mexico,LATAM,Groceries,Fresh Produce,28.56,4,8.64,23.63,-102.55
ORD-01904,2024-12-09,CUS-0053,Germany,Europe,Fashion,Shoes,187.6,4,48.87,51.17,10.45
ORD-01905,2024-07-08,CUS-0395,Nigeria,Africa,Electronics,Laptop,1313.19,3,75.39,9.08,8.68
ORD-01906,2023-03-07,CUS-0301,Germany,Europe,Electronics,Phone,525.93,3,72.81,51.17,10.45
ORD-01907,2023-05-02,CUS-0339,Singapore,APAC,Home & Furniture,Chair,705.78,3,225.92,1.35,103.82
ORD-01908,2023-03-20,CUS-0007,United States,North America,Home & Furniture,Chair,674.55,5,40.5,37.09,-95.71
ORD-01909,2023-03-29,CUS-0006,Nigeria,Africa,Groceries,Snacks,29.76,2,6.81,9.08,8.68
ORD-01910,2025-01-01,CUS-0089,India,APAC,Home & Furniture,Table,474.06,3,99.84,20.59,78.96
ORD-01911,2023-09-15,CUS-0133,United Kingdom,Europe,Home & Furniture,Chair,416.25,3,-0.95,55.38,-3.44
ORD-01912,2023-10-26,CUS-0131,South Africa,Africa,Groceries,Beverage,36.0,3,12.31,-30.56,22.94
ORD-01913,2024-02-18,CUS-0275,India,APAC,Electronics,Headphone,717.84,2,219.63,20.59,78.96
ORD-01914,2024-07-26,CUS-0244,United States,North America,Fashion,Shirt,271.75,5,89.02,37.09,-95.71
ORD-01915,2024-12-23,CUS-0219,Mexico,LATAM,Electronics,Headphone,606.04,2,160.87,23.63,-102.55
ORD-01916,2024-08-09,CUS-0302,South Africa,Africa,Home & Furniture,Table,551.32,4,64.47,-30.56,22.94
ORD-01917,2025-07-25,CUS-0066,South Africa,Africa,Fashion,Bag,211.17,3,26.6,-30.56,22.94
ORD-01918,2023-04-29,CUS-0205,Nigeria,Africa,Home & Furniture,Table,710.68,4,151.44,9.08,8.68
ORD-01919,2025-05-30,CUS-0115,South Africa,Africa,Fashion,Shoes,42.87,1,4.73,-30.56,22.94
ORD-01920,2024-03-05,CUS-0351,India,APAC,Groceries,Dairy,101.85,5,33.3,20.59,78.96
ORD-01921,2023-05-16,CUS-0337,United Kingdom,Europe,Electronics,Camera,1612.96,4,368.56,55.38,-3.44
ORD-01922,2024-07-17,CUS-0388,United States,North America,Electronics,Phone,733.86,3,160.94,37.09,-95.71
ORD-01923,2025-07-27,CUS-0353,France,Europe,Home & Furniture,Table,319.0,5,14.01,46.23,2.21
ORD-01924,2023-06-21,CUS-0081,India,APAC,Home & Furniture,Lamp,388.44,3,77.51,20.59,78.96
ORD-01925,2024-08-22,CUS-0150,United States,North America,Fashion,Shoes,276.16,4,-2.54,37.09,-95.71
ORD-01926,2025-03-13,CUS-0310,South Africa,Africa,Home & Furniture,Table,568.0,5,132.42,-30.56,22.94
ORD-01927,2023-04-15,CUS-0076,India,APAC,Home & Furniture,Lamp,826.75,5,181.4,20.59,78.96
ORD-01928,2024-06-27,CUS-0016,India,APAC,Home & Furniture,Lamp,197.24,1,-10.18,20.59,78.96
ORD-01929,2024-02-22,CUS-0267,Mexico,LATAM,Home & Furniture,Lamp,659.9,5,132.77,23.63,-102.55
ORD-01930,2024-07-01,CUS-0025,Canada,North America,Home & Furniture,Table,556.55,5,-38.86,56.13,-106.35
ORD-01931,2024-06-14,CUS-0343,Japan,APAC,Home & Furniture,Lamp,314.54,2,53.08,36.2,138.25
ORD-01932,2024-08-16,CUS-0057,South Africa,Africa,Electronics,Phone,2388.84,4,-97.82,-30.56,22.94
ORD-01933,2023-04-08,CUS-0126,United States,North America,Electronics,Headphone,1115.76,3,278.31,37.09,-95.71
ORD-01934,2025-01-04,CUS-0264,Singapore,APAC,Groceries,Beverage,64.89,3,11.5,1.35,103.82
ORD-01935,2023-03-01,CUS-0072,Vietnam,APAC,Fashion,Shirt,285.0,5,97.68,14.06,108.28
ORD-01936,2024-09-05,CUS-0359,Mexico,LATAM,Groceries,Snacks,14.32,2,4.53,23.63,-102.55
ORD-01937,2024-10-07,CUS-0234,Vietnam,APAC,Electronics,Headphone,802.8,3,152.2,14.06,108.28
ORD-01938,2025-06-05,CUS-0237,Mexico,LATAM,Electronics,Phone,1837.35,5,-146.19,23.63,-102.55
ORD-01939,2025-03-03,CUS-0206,United Kingdom,Europe,Home & Furniture,Table,79.1,5,24.55,55.38,-3.44
ORD-01940,2024-10-15,CUS-0220,Canada,North America,Electronics,Laptop,461.45,5,-35.48,56.13,-106.35
ORD-01941,2023-07-30,CUS-0384,Vietnam,APAC,Groceries,Beverage,114.84,4,-3.91,14.06,108.28
ORD-01942,2024-03-28,CUS-0128,Germany,Europe,Fashion,Bag,261.25,5,-20.56,51.17,10.45
ORD-01943,2024-03-12,CUS-0103,South Africa,Africa,Groceries,Fresh Produce,47.2,5,14.77,-30.56,22.94
ORD-01944,2024-02-20,CUS-0278,India,APAC,Home & Furniture,Lamp,502.28,4,37.13,20.59,78.96
ORD-01945,2025-05-25,CUS-0223,India,APAC,Electronics,Headphone,2019.52,4,57.23,20.59,78.96
ORD-01946,2024-03-09,CUS-0314,Germany,Europe,Home & Furniture,Table,659.1,5,48.86,51.17,10.45
ORD-01947,2023-07-15,CUS-0089,India,APAC,Fashion,Accessories,303.95,5,39.06,20.59,78.96
ORD-01948,2024-01-19,CUS-0146,Mexico,LATAM,Home & Furniture,Table,378.44,4,92.64,23.63,-102.55
ORD-01949,2023-01-27,CUS-0312,United States,North America,Groceries,Snacks,16.65,1,4.38,37.09,-95.71
ORD-01950,2025-02-09,CUS-0129,Brazil,LATAM,Electronics,Headphone,1901.04,4,392.74,-14.24,-51.93
ORD-01951,2024-06-10,CUS-0395,Nigeria,Africa,Fashion,Shoes,48.38,1,12.91,9.08,8.68
ORD-01952,2024-09-06,CUS-0300,Japan,APAC,Home & Furniture,Lamp,231.3,2,11.32,36.2,138.25
ORD-01953,2024-11-02,CUS-0239,Singapore,APAC,Groceries,Dairy,30.22,2,9.2,1.35,103.82
ORD-01954,2023-09-19,CUS-0019,Japan,APAC,Electronics,Phone,752.34,3,145.22,36.2,138.25
ORD-01955,2024-07-13,CUS-0386,South Africa,Africa,Electronics,Camera,652.1,2,47.8,-30.56,22.94
ORD-01956,2023-10-07,CUS-0001,Germany,Europe,Home & Furniture,Table,106.07,1,11.37,51.17,10.45
ORD-01957,2025-03-06,CUS-0091,Germany,Europe,Fashion,Shoes,228.24,4,-9.85,51.17,10.45
ORD-01958,2024-05-03,CUS-0183,Brazil,LATAM,Home & Furniture,Lamp,939.56,4,-67.83,-14.24,-51.93
ORD-01959,2023-09-13,CUS-0095,United States,North America,Home & Furniture,Table,539.31,3,169.35,37.09,-95.71
ORD-01960,2024-03-27,CUS-0003,Nigeria,Africa,Fashion,Bag,199.6,4,0.16,9.08,8.68
ORD-01961,2024-03-12,CUS-0019,Japan,APAC,Electronics,Camera,526.97,1,114.81,36.2,138.25
ORD-01962,2025-02-09,CUS-0003,Nigeria,Africa,Groceries,Beverage,46.6,5,4.42,9.08,8.68
ORD-01963,2024-04-27,CUS-0398,Japan,APAC,Groceries,Beverage,30.03,3,5.23,36.2,138.25
ORD-01964,2023-08-11,CUS-0058,Singapore,APAC,Fashion,Accessories,235.08,2,47.42,1.35,103.82
ORD-01965,2023-03-13,CUS-0036,Vietnam,APAC,Fashion,Shirt,66.9,1,12.06,14.06,108.28
ORD-01966,2023-12-22,CUS-0179,Japan,APAC,Fashion,Shirt,25.0,5,7.66,36.2,138.25
ORD-01967,2025-01-13,CUS-0072,Vietnam,APAC,Groceries,Snacks,17.67,1,2.89,14.06,108.28
ORD-01968,2023-04-15,CUS-0035,United Kingdom,Europe,Groceries,Beverage,43.96,4,0.22,55.38,-3.44
ORD-01969,2025-01-18,CUS-0368,Canada,North America,Fashion,Accessories,198.96,4,-17.63,56.13,-106.35
ORD-01970,2025-02-09,CUS-0009,Brazil,LATAM,Home & Furniture,Storage,427.04,4,5.53,-14.24,-51.93
ORD-01971,2025-06-30,CUS-0037,Mexico,LATAM,Electronics,Laptop,1437.75,3,177.63,23.63,-102.55
ORD-01972,2024-11-21,CUS-0124,Vietnam,APAC,Fashion,Bag,62.46,1,8.71,14.06,108.28
ORD-01973,2023-11-13,CUS-0036,Vietnam,APAC,Home & Furniture,Table,469.36,4,85.79,14.06,108.28
ORD-01974,2024-12-14,CUS-0382,Japan,APAC,Fashion,Shirt,155.97,3,-15.35,36.2,138.25
ORD-01975,2024-03-08,CUS-0143,South Africa,Africa,Fashion,Shoes,192.8,4,11.36,-30.56,22.94
ORD-01976,2024-04-26,CUS-0074,Singapore,APAC,Electronics,Headphone,1518.4,5,313.22,1.35,103.82
ORD-01977,2024-03-11,CUS-0233,United States,North America,Electronics,Headphone,716.78,1,180.85,37.09,-95.71
ORD-01978,2024-10-01,CUS-0278,India,APAC,Home & Furniture,Chair,744.75,3,41.22,20.59,78.96
ORD-01979,2023-10-31,CUS-0173,Mexico,LATAM,Electronics,Headphone,2203.15,5,184.6,23.63,-102.55
ORD-01980,2024-01-28,CUS-0176,Nigeria,Africa,Fashion,Shoes,329.85,5,21.07,9.08,8.68
ORD-01981,2023-10-27,CUS-0082,Canada,North America,Home & Furniture,Table,363.86,2,35.23,56.13,-106.35
ORD-01982,2025-05-08,CUS-0151,Japan,APAC,Groceries,Beverage,41.34,3,13.52,36.2,138.25
ORD-01983,2023-10-15,CUS-0009,Brazil,LATAM,Groceries,Snacks,20.0,4,6.74,-14.24,-51.93
ORD-01984,2023-02-05,CUS-0234,Vietnam,APAC,Fashion,Shirt,444.25,5,30.42,14.06,108.28
ORD-01985,2023-07-15,CUS-0052,United Kingdom,Europe,Home & Furniture,Chair,399.0,2,-14.98,55.38,-3.44
ORD-01986,2023-09-22,CUS-0025,Canada,North America,Groceries,Beverage,21.6,4,-1.53,56.13,-106.35
ORD-01987,2023-08-11,CUS-0289,Germany,Europe,Electronics,Headphone,22.08,4,3.58,51.17,10.45
ORD-01988,2025-03-29,CUS-0164,Germany,Europe,Electronics,Laptop,838.0,5,24.52,51.17,10.45
ORD-01989,2025-09-30,CUS-0055,India,APAC,Fashion,Bag,166.29,3,-14.08,20.59,78.96
ORD-01990,2024-09-24,CUS-0163,Japan,APAC,Home & Furniture,Chair,547.0,4,60.39,36.2,138.25
ORD-01991,2024-06-01,CUS-0062,United States,North America,Electronics,Camera,1487.86,2,187.51,37.09,-95.71
ORD-01992,2023-12-08,CUS-0077,Singapore,APAC,Groceries,Beverage,10.0,2,-0.04,1.35,103.82
ORD-01993,2024-06-11,CUS-0126,United States,North America,Electronics,Laptop,2272.35,5,-215.99,37.09,-95.71
ORD-01994,2024-04-29,CUS-0073,India,APAC,Electronics,Phone,442.97,1,-35.95,20.59,78.96
ORD-01995,2023-09-06,CUS-0009,Brazil,LATAM,Home & Furniture,Storage,138.19,1,19.82,-14.24,-51.93
ORD-01996,2024-01-06,CUS-0012,Mexico,LATAM,Home & Furniture,Lamp,257.19,1,8.7,23.63,-102.55
ORD-01997,2024-05-13,CUS-0074,Singapore,APAC,Groceries,Fresh Produce,86.04,4,21.34,1.35,103.82
ORD-01998,2025-09-19,CUS-0311,United States,North America,Home & Furniture,Lamp,709.86,3,103.42,37.09,-95.71
ORD-01999,2025-07-17,CUS-0343,Japan,APAC,Fashion,Shoes,17.31,1,0.99,36.2,138.25
ORD-02000,2023-03-23,CUS-0353,France,Europe,Home & Furniture,Lamp,548.24,4,127.98,46.23,2.21
ORD-02001,2025-05-04,CUS-0355,Japan,APAC,Fashion,Accessories,327.3,5,9.56,36.2,138.25
ORD-02002,2023-07-21,CUS-0376,Vietnam,APAC,Groceries,Dairy,25.0,5,1.16,14.06,108.28
ORD-02003,2025-08-07,CUS-0034,South Africa,Africa,Electronics,Laptop,2042.16,4,629.54,-30.56,22.94
ORD-02004,2025-07-07,CUS-0258,Mexico,LATAM,Fashion,Accessories,55.11,1,5.17,23.63,-102.55
ORD-02005,2023-03-30,CUS-0114,Vietnam,APAC,Fashion,Shoes,352.7,5,104.5,14.06,108.28
ORD-02006,2024-01-29,CUS-0145,Canada,North America,Groceries,Beverage,31.32,3,10.11,56.13,-106.35
ORD-02007,2023-11-13,CUS-0368,Canada,North America,Fashion,Shirt,276.5,5,-25.8,56.13,-106.35
ORD-02008,2024-12-16,CUS-0248,Singapore,APAC,Groceries,Fresh Produce,40.56,4,8.58,1.35,103.82
ORD-02009,2025-05-16,CUS-0091,Germany,Europe,Electronics,Phone,1135.92,4,-56.29,51.17,10.45
ORD-02010,2024-06-23,CUS-0046,United Kingdom,Europe,Groceries,Fresh Produce,42.96,4,0.02,55.38,-3.44
ORD-02011,2023-11-12,CUS-0006,Nigeria,Africa,Fashion,Accessories,105.35,5,32.8,9.08,8.68
ORD-02012,2025-03-23,CUS-0355,Japan,APAC,Home & Furniture,Chair,578.94,3,76.9,36.2,138.25
ORD-02013,2025-03-15,CUS-0366,Nigeria,Africa,Fashion,Shoes,45.78,1,-3.11,9.08,8.68
ORD-02014,2023-10-04,CUS-0346,India,APAC,Electronics,Headphone,2172.56,4,731.63,20.59,78.96
ORD-02015,2024-09-24,CUS-0175,India,APAC,Groceries,Snacks,37.32,4,-2.14,20.59,78.96
ORD-02016,2023-03-31,CUS-0339,Singapore,APAC,Electronics,Headphone,1764.45,5,155.39,1.35,103.82
ORD-02017,2023-08-12,CUS-0061,Brazil,LATAM,Groceries,Dairy,19.22,2,4.11,-14.24,-51.93
ORD-02018,2024-01-09,CUS-0289,Germany,Europe,Home & Furniture,Table,428.7,2,49.95,51.17,10.45
ORD-02019,2025-02-19,CUS-0100,Brazil,LATAM,Fashion,Shoes,73.38,2,5.84,-14.24,-51.93
ORD-02020,2024-10-16,CUS-0130,United Kingdom,Europe,Fashion,Shoes,258.52,4,57.11,55.38,-3.44
ORD-02021,2023-09-09,CUS-0049,Japan,APAC,Electronics,Headphone,1648.05,5,461.18,36.2,138.25
ORD-02022,2025-10-11,CUS-0197,United Kingdom,Europe,Groceries,Fresh Produce,28.4,1,4.55,55.38,-3.44
ORD-02023,2025-02-18,CUS-0193,Mexico,LATAM,Groceries,Dairy,12.53,1,-1.12,23.63,-102.55
ORD-02024,2024-04-16,CUS-0283,India,APAC,Electronics,Headphone,2328.7,5,102.27,20.59,78.96
ORD-02025,2024-09-21,CUS-0209,Canada,North America,Home & Furniture,Chair,248.35,5,6.17,56.13,-106.35
ORD-02026,2023-08-14,CUS-0331,Canada,North America,Electronics,Phone,319.26,1,58.28,56.13,-106.35
ORD-02027,2025-06-03,CUS-0106,United Kingdom,Europe,Electronics,Headphone,1953.28,4,214.22,55.38,-3.44
ORD-02028,2025-03-06,CUS-0245,Vietnam,APAC,Electronics,Phone,1972.64,4,458.71,14.06,108.28
ORD-02029,2024-02-17,CUS-0148,Vietnam,APAC,Electronics,Headphone,1134.28,4,152.83,14.06,108.28
ORD-02030,2025-06-10,CUS-0112,United Kingdom,Europe,Home & Furniture,Lamp,299.4,4,78.16,55.38,-3.44
ORD-02031,2023-02-24,CUS-0060,United Kingdom,Europe,Home & Furniture,Storage,815.0,4,228.96,55.38,-3.44
ORD-02032,2023-09-16,CUS-0397,United States,North America,Home & Furniture,Table,375.9,5,105.09,37.09,-95.71
ORD-02033,2024-12-09,CUS-0132,Germany,Europe,Fashion,Bag,33.83,1,7.52,51.17,10.45
ORD-02034,2024-05-20,CUS-0351,India,APAC,Groceries,Fresh Produce,32.32,2,-2.99,20.59,78.96
ORD-02035,2023-12-01,CUS-0209,Canada,North America,Fashion,Shirt,279.04,4,-0.82,56.13,-106.35
ORD-02036,2024-02-18,CUS-0194,Brazil,LATAM,Home & Furniture,Table,277.5,2,60.13,-14.24,-51.93
ORD-02037,2023-08-15,CUS-0061,Brazil,LATAM,Fashion,Shoes,313.86,3,40.39,-14.24,-51.93
ORD-02038,2024-11-10,CUS-0355,Japan,APAC,Electronics,Laptop,516.13,1,124.33,36.2,138.25
ORD-02039,2024-02-11,CUS-0199,Vietnam,APAC,Fashion,Bag,156.87,3,-9.3,14.06,108.28
ORD-02040,2023-08-24,CUS-0215,Japan,APAC,Electronics,Headphone,1495.5,3,309.81,36.2,138.25
ORD-02041,2024-11-04,CUS-0003,Nigeria,Africa,Home & Furniture,Lamp,1415.95,5,18.06,9.08,8.68
ORD-02042,2023-09-05,CUS-0160,Brazil,LATAM,Electronics,Phone,820.64,2,172.66,-14.24,-51.93
ORD-02043,2024-03-12,CUS-0203,United Kingdom,Europe,Home & Furniture,Table,544.8,3,67.84,55.38,-3.44
ORD-02044,2023-10-08,CUS-0087,Singapore,APAC,Electronics,Headphone,696.56,1,7.94,1.35,103.82
ORD-02045,2025-02-13,CUS-0055,India,APAC,Electronics,Headphone,1520.85,3,485.75,20.59,78.96
ORD-02046,2023-05-02,CUS-0122,Japan,APAC,Groceries,Snacks,64.2,3,10.64,36.2,138.25
ORD-02047,2023-07-14,CUS-0220,Canada,North America,Electronics,Phone,937.78,2,162.07,56.13,-106.35
ORD-02048,2023-01-12,CUS-0157,Mexico,LATAM,Groceries,Snacks,42.15,5,2.04,23.63,-102.55
ORD-02049,2023-10-23,CUS-0124,Vietnam,APAC,Electronics,Camera,1346.4,5,170.57,14.06,108.28
ORD-02050,2024-04-12,CUS-0142,Japan,APAC,Fashion,Accessories,149.84,2,0.67,36.2,138.25
ORD-02051,2025-02-10,CUS-0338,Nigeria,Africa,Electronics,Laptop,1088.96,4,213.43,9.08,8.68
ORD-02052,2023-07-13,CUS-0341,Singapore,APAC,Groceries,Dairy,15.08,1,2.22,1.35,103.82
ORD-02053,2023-12-06,CUS-0317,Japan,APAC,Electronics,Laptop,1692.88,4,61.12,36.2,138.25
ORD-02054,2024-09-18,CUS-0164,Germany,Europe,Home & Furniture,Storage,1133.9,5,94.06,51.17,10.45
ORD-02055,2025-03-19,CUS-0090,France,Europe,Groceries,Fresh Produce,49.8,4,-3.45,46.23,2.21
ORD-02056,2023-06-12,CUS-0057,South Africa,Africa,Groceries,Beverage,23.58,2,-0.57,-30.56,22.94
ORD-02057,2024-04-23,CUS-0079,Canada,North America,Home & Furniture,Lamp,447.09,3,104.88,56.13,-106.35
ORD-02058,2024-09-23,CUS-0394,France,Europe,Home & Furniture,Chair,152.91,1,43.06,46.23,2.21
ORD-02059,2025-06-09,CUS-0252,Canada,North America,Groceries,Beverage,8.52,1,1.96,56.13,-106.35
ORD-02060,2024-12-02,CUS-0390,Japan,APAC,Electronics,Camera,1727.6,5,441.83,36.2,138.25
ORD-02061,2024-06-04,CUS-0256,Mexico,LATAM,Electronics,Phone,1566.99,3,227.29,23.63,-102.55
ORD-02062,2024-03-16,CUS-0004,Mexico,LATAM,Home & Furniture,Storage,736.95,5,245.51,23.63,-102.55
ORD-02063,2024-11-04,CUS-0075,France,Europe,Home & Furniture,Storage,853.55,5,-59.14,46.23,2.21
ORD-02064,2025-07-19,CUS-0001,Germany,Europe,Groceries,Snacks,119.45,5,7.76,51.17,10.45
ORD-02065,2023-09-22,CUS-0076,India,APAC,Fashion,Shoes,247.0,4,3.83,20.59,78.96
ORD-02066,2025-04-30,CUS-0394,France,Europe,Fashion,Shirt,153.2,2,-11.68,46.23,2.21
ORD-02067,2024-10-20,CUS-0073,India,APAC,Groceries,Dairy,63.0,5,19.92,20.59,78.96
ORD-02068,2023-04-29,CUS-0085,Brazil,LATAM,Electronics,Headphone,666.74,2,73.41,-14.24,-51.93
ORD-02069,2023-06-30,CUS-0388,United States,North America,Electronics,Laptop,3048.05,5,-155.14,37.09,-95.71
ORD-02070,2024-09-29,CUS-0312,United States,North America,Groceries,Fresh Produce,28.05,3,4.98,37.09,-95.71
ORD-02071,2025-03-21,CUS-0298,Germany,Europe,Electronics,Camera,1247.04,4,429.94,51.17,10.45
ORD-02072,2024-10-11,CUS-0107,Nigeria,Africa,Fashion,Shoes,73.78,1,4.96,9.08,8.68
ORD-02073,2023-07-11,CUS-0117,France,Europe,Home & Furniture,Table,499.11,3,-9.9,46.23,2.21
ORD-02074,2024-08-24,CUS-0279,Japan,APAC,Groceries,Snacks,49.17,3,15.92,36.2,138.25
ORD-02075,2025-09-30,CUS-0351,India,APAC,Groceries,Snacks,16.16,2,4.58,20.59,78.96
ORD-02076,2024-07-18,CUS-0235,France,Europe,Home & Furniture,Lamp,258.45,1,-14.44,46.23,2.21
ORD-02077,2024-03-18,CUS-0305,India,APAC,Home & Furniture,Storage,784.11,3,178.32,20.59,78.96
ORD-02078,2024-01-18,CUS-0357,Vietnam,APAC,Home & Furniture,Storage,736.6,5,214.72,14.06,108.28
ORD-02079,2025-06-12,CUS-0314,Germany,Europe,Electronics,Phone,1217.19,3,-15.46,51.17,10.45
ORD-02080,2024-03-11,CUS-0058,Singapore,APAC,Electronics,Camera,2384.9,5,-125.38,1.35,103.82
ORD-02081,2025-08-07,CUS-0174,Nigeria,Africa,Electronics,Camera,1233.35,5,-108.77,9.08,8.68
ORD-02082,2024-02-07,CUS-0292,Vietnam,APAC,Electronics,Headphone,656.3,2,28.85,14.06,108.28
ORD-02083,2023-02-23,CUS-0287,Vietnam,APAC,Fashion,Bag,34.33,1,4.84,14.06,108.28
ORD-02084,2023-02-25,CUS-0188,South Africa,Africa,Home & Furniture,Lamp,970.45,5,19.47,-30.56,22.94
ORD-02085,2023-06-07,CUS-0151,Japan,APAC,Fashion,Shirt,125.64,4,-6.02,36.2,138.25
ORD-02086,2023-07-07,CUS-0061,Brazil,LATAM,Electronics,Camera,1115.28,2,273.47,-14.24,-51.93
ORD-02087,2025-01-01,CUS-0152,Vietnam,APAC,Groceries,Beverage,90.0,4,21.83,14.06,108.28
ORD-02088,2023-09-16,CUS-0296,United Kingdom,Europe,Fashion,Shirt,485.4,5,-3.38,55.38,-3.44
ORD-02089,2024-02-20,CUS-0087,Singapore,APAC,Groceries,Dairy,103.35,5,13.19,1.35,103.82
ORD-02090,2023-09-08,CUS-0005,France,Europe,Fashion,Accessories,58.69,1,19.74,46.23,2.21
ORD-02091,2024-01-17,CUS-0139,Germany,Europe,Fashion,Accessories,293.65,5,83.83,51.17,10.45
ORD-02092,2023-02-13,CUS-0001,Germany,Europe,Fashion,Shirt,56.68,1,13.49,51.17,10.45
ORD-02093,2023-11-05,CUS-0102,South Africa,Africa,Home & Furniture,Lamp,168.55,1,41.91,-30.56,22.94
ORD-02094,2024-09-10,CUS-0159,Brazil,LATAM,Fashion,Shoes,98.85,5,13.27,-14.24,-51.93
ORD-02095,2024-09-04,CUS-0105,Nigeria,Africa,Home & Furniture,Storage,1100.64,4,321.07,9.08,8.68
ORD-02096,2024-11-19,CUS-0362,Germany,Europe,Home & Furniture,Lamp,460.76,4,-42.21,51.17,10.45
ORD-02097,2024-04-27,CUS-0306,South Africa,Africa,Home & Furniture,Table,198.96,2,-18.89,-30.56,22.94
ORD-02098,2024-10-12,CUS-0148,Vietnam,APAC,Groceries,Fresh Produce,101.32,4,-9.49,14.06,108.28
ORD-02099,2023-11-24,CUS-0130,United Kingdom,Europe,Electronics,Laptop,735.54,1,64.23,55.38,-3.44
ORD-02100,2023-03-06,CUS-0073,India,APAC,Home & Furniture,Lamp,89.14,2,7.38,20.59,78.96
ORD-02101,2025-01-24,CUS-0084,Singapore,APAC,Groceries,Snacks,53.44,4,10.72,1.35,103.82
ORD-02102,2025-01-15,CUS-0094,France,Europe,Electronics,Camera,1205.48,4,-44.93,46.23,2.21
ORD-02103,2024-11-27,CUS-0052,United Kingdom,Europe,Fashion,Shoes,193.65,5,16.24,55.38,-3.44
ORD-02104,2023-03-27,CUS-0371,Mexico,LATAM,Home & Furniture,Storage,582.6,4,192.88,23.63,-102.55
ORD-02105,2024-05-31,CUS-0110,United Kingdom,Europe,Groceries,Fresh Produce,68.95,5,22.76,55.38,-3.44
ORD-02106,2023-02-13,CUS-0387,Nigeria,Africa,Groceries,Snacks,20.08,1,5.61,9.08,8.68
ORD-02107,2023-11-13,CUS-0356,Vietnam,APAC,Electronics,Headphone,280.92,1,89.51,14.06,108.28
ORD-02108,2025-01-23,CUS-0375,South Africa,Africa,Electronics,Headphone,354.02,1,98.78,-30.56,22.94
ORD-02109,2024-09-08,CUS-0327,Mexico,LATAM,Electronics,Laptop,1130.34,3,382.99,23.63,-102.55
ORD-02110,2023-03-20,CUS-0316,United Kingdom,Europe,Groceries,Snacks,94.8,5,16.78,55.38,-3.44
ORD-02111,2023-01-01,CUS-0325,France,Europe,Groceries,Beverage,15.52,1,1.1,46.23,2.21
ORD-02112,2025-02-24,CUS-0289,Germany,Europe,Electronics,Headphone,1069.06,2,-24.08,51.17,10.45
ORD-02113,2023-04-15,CUS-0049,Japan,APAC,Home & Furniture,Table,167.1,1,52.25,36.2,138.25
ORD-02114,2023-11-23,CUS-0121,France,Europe,Fashion,Shirt,315.03,3,-4.41,46.23,2.21
ORD-02115,2024-06-04,CUS-0167,Nigeria,Africa,Fashion,Bag,230.76,3,45.77,9.08,8.68
ORD-02116,2024-04-05,CUS-0351,India,APAC,Groceries,Dairy,52.08,3,12.71,20.59,78.96
ORD-02117,2025-04-30,CUS-0282,Japan,APAC,Electronics,Phone,1854.51,3,91.83,36.2,138.25
ORD-02118,2024-02-20,CUS-0131,South Africa,Africa,Electronics,Camera,243.75,3,5.44,-30.56,22.94
ORD-02119,2023-09-25,CUS-0175,India,APAC,Electronics,Headphone,54.79,1,18.4,20.59,78.96
ORD-02120,2023-11-25,CUS-0356,Vietnam,APAC,Home & Furniture,Storage,520.2,2,82.76,14.06,108.28
ORD-02121,2023-04-28,CUS-0019,Japan,APAC,Groceries,Dairy,45.2,4,14.11,36.2,138.25
ORD-02122,2025-05-14,CUS-0380,Japan,APAC,Home & Furniture,Table,326.08,4,22.92,36.2,138.25
ORD-02123,2024-10-30,CUS-0039,Brazil,LATAM,Fashion,Accessories,152.44,2,-15.01,-14.24,-51.93
ORD-02124,2025-08-13,CUS-0125,Mexico,LATAM,Fashion,Accessories,222.72,4,20.13,23.63,-102.55
ORD-02125,2024-01-01,CUS-0273,Nigeria,Africa,Home & Furniture,Storage,10.0,2,0.13,9.08,8.68
ORD-02126,2024-11-25,CUS-0342,Canada,North America,Electronics,Laptop,2669.84,4,15.42,56.13,-106.35
ORD-02127,2023-02-22,CUS-0086,South Africa,Africa,Electronics,Camera,3714.85,5,820.16,-30.56,22.94
ORD-02128,2025-01-23,CUS-0101,United Kingdom,Europe,Fashion,Accessories,58.7,1,-0.48,55.38,-3.44
ORD-02129,2024-01-03,CUS-0359,Mexico,LATAM,Electronics,Laptop,322.95,3,12.01,23.63,-102.55
ORD-02130,2023-11-07,CUS-0003,Nigeria,Africa,Home & Furniture,Table,326.68,2,-14.1,9.08,8.68
ORD-02131,2024-04-01,CUS-0167,Nigeria,Africa,Groceries,Snacks,117.5,5,9.95,9.08,8.68
ORD-02132,2024-09-01,CUS-0148,Vietnam,APAC,Electronics,Camera,1329.48,2,-57.5,14.06,108.28
ORD-02133,2023-09-26,CUS-0117,France,Europe,Fashion,Shoes,22.98,1,2.83,46.23,2.21
ORD-02134,2024-10-18,CUS-0106,United Kingdom,Europe,Fashion,Shoes,266.05,5,83.82,55.38,-3.44
ORD-02135,2024-09-11,CUS-0041,South Africa,Africa,Fashion,Shirt,53.63,1,5.31,-30.56,22.94
ORD-02136,2024-03-17,CUS-0121,France,Europe,Groceries,Snacks,62.8,4,1.59,46.23,2.21
ORD-02137,2025-07-26,CUS-0128,Germany,Europe,Home & Furniture,Lamp,406.22,2,64.96,51.17,10.45
ORD-02138,2024-09-01,CUS-0116,France,Europe,Electronics,Camera,2412.32,4,329.31,46.23,2.21
ORD-02139,2023-06-09,CUS-0344,Nigeria,Africa,Groceries,Fresh Produce,12.27,1,3.15,9.08,8.68
ORD-02140,2023-03-25,CUS-0365,Canada,North America,Home & Furniture,Table,704.56,4,83.01,56.13,-106.35
ORD-02141,2023-02-12,CUS-0302,South Africa,Africa,Groceries,Snacks,11.86,1,2.88,-30.56,22.94
ORD-02142,2023-07-10,CUS-0063,Singapore,APAC,Fashion,Bag,37.9,1,3.62,1.35,103.82
ORD-02143,2023-09-20,CUS-0248,Singapore,APAC,Home & Furniture,Chair,793.6,5,120.57,1.35,103.82
ORD-02144,2024-11-11,CUS-0358,South Africa,Africa,Groceries,Snacks,34.16,2,9.92,-30.56,22.94
ORD-02145,2023-06-06,CUS-0286,United Kingdom,Europe,Fashion,Accessories,160.12,2,-3.16,55.38,-3.44
ORD-02146,2023-11-18,CUS-0112,United Kingdom,Europe,Fashion,Shoes,173.91,3,-14.63,55.38,-3.44
ORD-02147,2024-06-10,CUS-0080,Brazil,LATAM,Fashion,Shirt,275.73,3,13.53,-14.24,-51.93
ORD-02148,2024-09-02,CUS-0158,United Kingdom,Europe,Groceries,Snacks,105.32,4,24.72,55.38,-3.44
ORD-02149,2023-08-27,CUS-0187,Canada,North America,Home & Furniture,Lamp,239.07,3,74.47,56.13,-106.35
ORD-02150,2025-03-27,CUS-0026,Singapore,APAC,Fashion,Accessories,86.52,4,-3.15,1.35,103.82
ORD-02151,2025-06-01,CUS-0195,Germany,Europe,Home & Furniture,Table,241.04,2,24.79,51.17,10.45
ORD-02152,2024-03-21,CUS-0398,Japan,APAC,Home & Furniture,Chair,102.76,1,30.6,36.2,138.25
ORD-02153,2023-12-18,CUS-0342,Canada,North America,Electronics,Phone,1745.64,3,513.21,56.13,-106.35
ORD-02154,2024-06-27,CUS-0309,Vietnam,APAC,Groceries,Fresh Produce,12.23,1,1.56,14.06,108.28
ORD-02155,2023-05-23,CUS-0342,Canada,North America,Fashion,Accessories,153.78,3,-12.14,56.13,-106.35
ORD-02156,2024-10-03,CUS-0200,Vietnam,APAC,Groceries,Fresh Produce,24.66,2,3.38,14.06,108.28
ORD-02157,2024-07-06,CUS-0391,South Africa,Africa,Electronics,Phone,949.77,3,125.25,-30.56,22.94
ORD-02158,2024-07-25,CUS-0155,Germany,Europe,Groceries,Beverage,47.94,3,5.48,51.17,10.45
ORD-02159,2023-07-03,CUS-0106,United Kingdom,Europe,Fashion,Shoes,70.42,1,15.02,55.38,-3.44
ORD-02160,2023-03-13,CUS-0163,Japan,APAC,Groceries,Dairy,5.64,1,0.86,36.2,138.25
ORD-02161,2023-08-23,CUS-0096,Nigeria,Africa,Groceries,Fresh Produce,15.37,1,4.33,9.08,8.68
ORD-02162,2023-11-25,CUS-0324,Vietnam,APAC,Fashion,Shoes,147.22,2,51.06,14.06,108.28
ORD-02163,2024-03-20,CUS-0284,Germany,Europe,Fashion,Shoes,384.75,5,29.69,51.17,10.45
ORD-02164,2023-11-07,CUS-0142,Japan,APAC,Home & Furniture,Storage,368.52,3,119.19,36.2,138.25
ORD-02165,2025-06-27,CUS-0183,Brazil,LATAM,Fashion,Shirt,116.32,2,29.5,-14.24,-51.93
ORD-02166,2024-08-01,CUS-0220,Canada,North America,Groceries,Fresh Produce,11.75,1,-0.17,56.13,-106.35
ORD-02167,2024-09-06,CUS-0353,France,Europe,Electronics,Laptop,2532.76,4,545.09,46.23,2.21
ORD-02168,2023-10-22,CUS-0253,Germany,Europe,Home & Furniture,Lamp,703.1,5,211.89,51.17,10.45
ORD-02169,2025-02-22,CUS-0244,United States,North America,Electronics,Camera,1236.42,2,362.02,37.09,-95.71
ORD-02170,2025-05-20,CUS-0261,France,Europe,Electronics,Laptop,1113.84,3,-52.99,46.23,2.21
ORD-02171,2024-04-22,CUS-0310,South Africa,Africa,Electronics,Phone,1001.05,5,326.97,-30.56,22.94
ORD-02172,2024-12-13,CUS-0335,United Kingdom,Europe,Groceries,Fresh Produce,17.92,1,3.6,55.38,-3.44
ORD-02173,2024-01-08,CUS-0170,Germany,Europe,Groceries,Beverage,59.13,3,19.87,51.17,10.45
ORD-02174,2024-11-28,CUS-0026,Singapore,APAC,Electronics,Camera,625.84,1,-57.96,1.35,103.82
ORD-02175,2024-01-12,CUS-0344,Nigeria,Africa,Fashion,Shirt,285.88,4,60.45,9.08,8.68
ORD-02176,2024-12-11,CUS-0344,Nigeria,Africa,Electronics,Phone,1235.07,3,-25.0,9.08,8.68
ORD-02177,2023-05-10,CUS-0168,India,APAC,Electronics,Camera,283.53,1,60.01,20.59,78.96
ORD-02178,2024-05-27,CUS-0205,Nigeria,Africa,Electronics,Phone,1299.85,5,124.32,9.08,8.68
ORD-02179,2025-08-23,CUS-0318,Japan,APAC,Electronics,Laptop,675.2,2,71.3,36.2,138.25
ORD-02180,2025-02-19,CUS-0212,United Kingdom,Europe,Groceries,Fresh Produce,53.1,3,13.09,55.38,-3.44
ORD-02181,2024-05-14,CUS-0347,Vietnam,APAC,Home & Furniture,Storage,209.46,3,12.41,14.06,108.28
ORD-02182,2025-05-31,CUS-0112,United Kingdom,Europe,Fashion,Shirt,232.5,3,61.61,55.38,-3.44
ORD-02183,2023-03-10,CUS-0306,South Africa,Africa,Electronics,Laptop,373.74,1,-13.63,-30.56,22.94
ORD-02184,2023-06-29,CUS-0097,Singapore,APAC,Fashion,Shirt,10.01,1,2.6,1.35,103.82
ORD-02185,2024-07-16,CUS-0080,Brazil,LATAM,Groceries,Fresh Produce,113.25,5,3.75,-14.24,-51.93
ORD-02186,2023-11-18,CUS-0160,Brazil,LATAM,Home & Furniture,Table,358.92,3,38.86,-14.24,-51.93
ORD-02187,2024-10-07,CUS-0343,Japan,APAC,Fashion,Shirt,99.9,2,11.29,36.2,138.25
ORD-02188,2024-08-12,CUS-0319,Japan,APAC,Electronics,Phone,1214.35,5,370.87,36.2,138.25
ORD-02189,2024-07-07,CUS-0236,Vietnam,APAC,Fashion,Bag,136.26,2,11.72,14.06,108.28
ORD-02190,2023-10-09,CUS-0137,Vietnam,APAC,Home & Furniture,Chair,1213.3,5,-108.67,14.06,108.28
ORD-02191,2024-11-16,CUS-0064,India,APAC,Home & Furniture,Table,432.64,4,25.53,20.59,78.96
ORD-02192,2025-01-19,CUS-0218,France,Europe,Fashion,Accessories,65.99,1,14.08,46.23,2.21
ORD-02193,2023-01-10,CUS-0172,Nigeria,Africa,Fashion,Shoes,309.6,5,49.11,9.08,8.68
ORD-02194,2023-11-11,CUS-0359,Mexico,LATAM,Electronics,Phone,674.67,3,-38.77,23.63,-102.55
ORD-02195,2024-04-05,CUS-0248,Singapore,APAC,Electronics,Phone,1747.1,5,292.18,1.35,103.82
ORD-02196,2024-09-15,CUS-0127,Brazil,LATAM,Electronics,Phone,4013.45,5,-78.71,-14.24,-51.93
ORD-02197,2024-09-17,CUS-0341,Singapore,APAC,Electronics,Headphone,1013.76,2,87.19,1.35,103.82
ORD-02198,2023-06-12,CUS-0118,Mexico,LATAM,Home & Furniture,Chair,172.2,2,33.28,23.63,-102.55
ORD-02199,2023-02-06,CUS-0024,South Africa,Africa,Groceries,Fresh Produce,19.74,3,-0.84,-30.56,22.94
ORD-02200,2023-08-24,CUS-0049,Japan,APAC,Home & Furniture,Chair,186.13,1,39.62,36.2,138.25
ORD-02201,2025-01-23,CUS-0292,Vietnam,APAC,Groceries,Beverage,44.67,3,5.29,14.06,108.28
ORD-02202,2024-10-27,CUS-0066,South Africa,Africa,Groceries,Snacks,29.76,3,6.18,-30.56,22.94
ORD-02203,2023-05-31,CUS-0120,Vietnam,APAC,Groceries,Beverage,71.68,4,10.53,14.06,108.28
ORD-02204,2023-12-22,CUS-0175,India,APAC,Electronics,Camera,1214.05,5,68.8,20.59,78.96
ORD-02205,2025-05-19,CUS-0137,Vietnam,APAC,Fashion,Shirt,221.92,4,28.89,14.06,108.28
ORD-02206,2025-06-21,CUS-0189,South Africa,Africa,Electronics,Phone,1183.98,3,93.97,-30.56,22.94
ORD-02207,2023-10-09,CUS-0155,Germany,Europe,Fashion,Bag,78.56,4,6.19,51.17,10.45
ORD-02208,2023-11-05,CUS-0290,Singapore,APAC,Electronics,Camera,220.24,1,2.5,1.35,103.82
ORD-02209,2023-11-13,CUS-0199,Vietnam,APAC,Fashion,Accessories,192.87,3,49.05,14.06,108.28
ORD-02210,2024-03-30,CUS-0168,India,APAC,Fashion,Shoes,285.48,4,46.64,20.59,78.96
ORD-02211,2025-01-07,CUS-0231,Japan,APAC,Groceries,Dairy,33.27,3,6.37,36.2,138.25
ORD-02212,2024-11-25,CUS-0209,Canada,North America,Electronics,Phone,1366.55,5,333.17,56.13,-106.35
ORD-02213,2025-02-02,CUS-0182,Singapore,APAC,Electronics,Camera,1420.64,4,132.27,1.35,103.82
ORD-02214,2025-08-20,CUS-0333,India,APAC,Groceries,Snacks,15.0,3,-0.11,20.59,78.96
ORD-02215,2023-07-08,CUS-0057,South Africa,Africa,Fashion,Bag,92.28,1,29.91,-30.56,22.94
ORD-02216,2024-01-22,CUS-0143,South Africa,Africa,Electronics,Phone,257.61,1,10.21,-30.56,22.94
ORD-02217,2023-07-23,CUS-0117,France,Europe,Fashion,Accessories,318.48,4,14.49,46.23,2.21
ORD-02218,2024-10-14,CUS-0253,Germany,Europe,Electronics,Phone,1000.05,3,155.24,51.17,10.45
ORD-02219,2023-01-31,CUS-0016,India,APAC,Fashion,Accessories,257.22,3,-9.27,20.59,78.96
ORD-02220,2024-08-25,CUS-0330,India,APAC,Fashion,Shoes,160.64,4,-15.41,20.59,78.96
ORD-02221,2023-09-22,CUS-0031,Brazil,LATAM,Electronics,Phone,408.07,1,76.96,-14.24,-51.93
ORD-02222,2023-12-26,CUS-0185,United Kingdom,Europe,Groceries,Beverage,24.42,2,-0.59,55.38,-3.44
ORD-02223,2024-11-30,CUS-0049,Japan,APAC,Fashion,Bag,39.34,1,-0.1,36.2,138.25
ORD-02224,2024-07-17,CUS-0384,Vietnam,APAC,Groceries,Fresh Produce,30.6,3,4.46,14.06,108.28
ORD-02225,2023-07-17,CUS-0090,France,Europe,Home & Furniture,Chair,121.81,1,-4.83,46.23,2.21
ORD-02226,2025-07-04,CUS-0293,Mexico,LATAM,Fashion,Bag,75.0,2,1.3,23.63,-102.55
ORD-02227,2023-02-19,CUS-0106,United Kingdom,Europe,Groceries,Dairy,18.72,2,4.71,55.38,-3.44
ORD-02228,2023-02-12,CUS-0309,Vietnam,APAC,Home & Furniture,Table,417.4,5,22.18,14.06,108.28
ORD-02229,2023-09-01,CUS-0369,France,Europe,Home & Furniture,Table,246.15,3,-6.04,46.23,2.21
ORD-02230,2025-03-20,CUS-0092,South Africa,Africa,Electronics,Headphone,971.55,3,306.04,-30.56,22.94
ORD-02231,2023-04-24,CUS-0373,United States,North America,Fashion,Shoes,64.68,1,12.94,37.09,-95.71
ORD-02232,2023-08-06,CUS-0121,France,Europe,Groceries,Beverage,12.6,1,0.02,46.23,2.21
ORD-02233,2023-02-16,CUS-0040,South Africa,Africa,Home & Furniture,Chair,676.59,3,-43.04,-30.56,22.94
ORD-02234,2024-07-25,CUS-0331,Canada,North America,Groceries,Dairy,25.0,5,6.48,56.13,-106.35
ORD-02235,2023-08-22,CUS-0273,Nigeria,Africa,Electronics,Phone,765.12,2,-28.72,9.08,8.68
ORD-02236,2025-05-23,CUS-0092,South Africa,Africa,Electronics,Laptop,1944.44,4,206.54,-30.56,22.94
ORD-02237,2023-01-19,CUS-0355,Japan,APAC,Groceries,Fresh Produce,20.12,1,-0.39,36.2,138.25
ORD-02238,2023-10-19,CUS-0325,France,Europe,Fashion,Shoes,142.75,5,1.91,46.23,2.21
ORD-02239,2024-03-16,CUS-0318,Japan,APAC,Electronics,Phone,1686.0,3,13.37,36.2,138.25
ORD-02240,2023-08-18,CUS-0321,France,Europe,Fashion,Shirt,290.12,4,-11.76,46.23,2.21
ORD-02241,2025-07-04,CUS-0143,South Africa,Africa,Electronics,Headphone,1827.48,4,278.38,-30.56,22.94
ORD-02242,2024-07-19,CUS-0350,United States,North America,Home & Furniture,Storage,407.28,3,128.01,37.09,-95.71
ORD-02243,2024-09-26,CUS-0399,South Africa,Africa,Groceries,Fresh Produce,77.32,4,15.53,-30.56,22.94
ORD-02244,2024-05-08,CUS-0306,South Africa,Africa,Home & Furniture,Lamp,198.9,1,46.24,-30.56,22.94
ORD-02245,2024-07-09,CUS-0269,United Kingdom,Europe,Fashion,Shoes,101.97,3,14.71,55.38,-3.44
ORD-02246,2024-01-31,CUS-0148,Vietnam,APAC,Home & Furniture,Chair,474.5,2,-20.07,14.06,108.28
ORD-02247,2023-02-12,CUS-0245,Vietnam,APAC,Fashion,Shoes,325.48,4,80.94,14.06,108.28
ORD-02248,2023-11-08,CUS-0155,Germany,Europe,Groceries,Snacks,25.5,3,-0.78,51.17,10.45
ORD-02249,2023-01-21,CUS-0381,India,APAC,Electronics,Headphone,358.26,1,-16.23,20.59,78.96
ORD-02250,2024-05-17,CUS-0056,United Kingdom,Europe,Fashion,Bag,185.67,3,49.75,55.38,-3.44
ORD-02251,2025-02-02,CUS-0280,Brazil,LATAM,Groceries,Snacks,70.96,4,5.73,-14.24,-51.93
ORD-02252,2024-06-19,CUS-0339,Singapore,APAC,Electronics,Laptop,2560.65,5,487.52,1.35,103.82
ORD-02253,2024-08-29,CUS-0106,United Kingdom,Europe,Electronics,Phone,562.15,1,85.85,55.38,-3.44
ORD-02254,2025-01-14,CUS-0074,Singapore,APAC,Groceries,Snacks,52.25,5,-0.51,1.35,103.82
ORD-02255,2025-03-20,CUS-0168,India,APAC,Home & Furniture,Table,252.56,1,79.97,20.59,78.96
ORD-02256,2024-01-22,CUS-0093,United Kingdom,Europe,Electronics,Phone,2882.9,5,-215.35,55.38,-3.44
ORD-02257,2025-07-12,CUS-0360,Japan,APAC,Groceries,Fresh Produce,48.46,2,6.95,36.2,138.25
ORD-02258,2023-09-03,CUS-0228,South Africa,Africa,Groceries,Dairy,71.01,3,7.48,-30.56,22.94
ORD-02259,2023-01-27,CUS-0251,Brazil,LATAM,Home & Furniture,Storage,406.96,4,105.45,-14.24,-51.93
ORD-02260,2024-12-14,CUS-0179,Japan,APAC,Fashion,Shirt,362.24,4,-23.23,36.2,138.25
ORD-02261,2025-01-02,CUS-0305,India,APAC,Groceries,Beverage,37.68,4,-2.87,20.59,78.96
ORD-02262,2025-05-10,CUS-0079,Canada,North America,Groceries,Dairy,92.3,5,-6.45,56.13,-106.35
ORD-02263,2024-02-17,CUS-0002,India,APAC,Electronics,Phone,643.24,2,141.95,20.59,78.96
ORD-02264,2024-02-15,CUS-0125,Mexico,LATAM,Groceries,Beverage,15.93,1,0.77,23.63,-102.55
ORD-02265,2025-07-01,CUS-0099,France,Europe,Groceries,Dairy,59.73,3,10.2,46.23,2.21
ORD-02266,2023-05-11,CUS-0195,Germany,Europe,Groceries,Dairy,18.67,1,0.07,51.17,10.45
ORD-02267,2023-12-13,CUS-0030,South Africa,Africa,Groceries,Beverage,42.5,2,1.98,-30.56,22.94
ORD-02268,2024-03-18,CUS-0118,Mexico,LATAM,Groceries,Fresh Produce,11.46,1,1.53,23.63,-102.55
ORD-02269,2025-11-18,CUS-0246,Vietnam,APAC,Groceries,Beverage,27.2,5,4.03,14.06,108.28
ORD-02270,2023-01-06,CUS-0300,Japan,APAC,Fashion,Shoes,58.9,1,-0.98,36.2,138.25
ORD-02271,2024-11-19,CUS-0169,United States,North America,Fashion,Bag,179.55,3,-15.2,37.09,-95.71
ORD-02272,2024-01-19,CUS-0063,Singapore,APAC,Fashion,Shoes,356.65,5,36.09,1.35,103.82
ORD-02273,2024-02-09,CUS-0279,Japan,APAC,Fashion,Bag,358.68,4,51.16,36.2,138.25
ORD-02274,2025-02-22,CUS-0007,United States,North America,Fashion,Shirt,430.1,5,-38.77,37.09,-95.71
ORD-02275,2024-11-22,CUS-0200,Vietnam,APAC,Groceries,Dairy,31.62,2,9.56,14.06,108.28
ORD-02276,2025-01-04,CUS-0246,Vietnam,APAC,Groceries,Dairy,101.2,4,30.45,14.06,108.28
ORD-02277,2023-08-28,CUS-0239,Singapore,APAC,Fashion,Shirt,204.54,3,18.02,1.35,103.82
ORD-02278,2025-08-09,CUS-0131,South Africa,Africa,Home & Furniture,Table,412.55,5,92.9,-30.56,22.94
ORD-02279,2024-09-08,CUS-0316,United Kingdom,Europe,Fashion,Shirt,101.85,1,21.67,55.38,-3.44
ORD-02280,2025-02-20,CUS-0275,India,APAC,Groceries,Dairy,16.18,2,5.13,20.59,78.96
ORD-02281,2024-07-24,CUS-0241,South Africa,Africa,Electronics,Phone,1947.3,5,233.39,-30.56,22.94
ORD-02282,2023-10-25,CUS-0011,Germany,Europe,Fashion,Accessories,103.74,3,1.64,51.17,10.45
ORD-02283,2025-01-16,CUS-0187,Canada,North America,Electronics,Phone,729.87,3,221.2,56.13,-106.35
ORD-02284,2024-03-18,CUS-0184,Nigeria,Africa,Fashion,Accessories,191.05,5,6.94,9.08,8.68
ORD-02285,2024-12-07,CUS-0031,Brazil,LATAM,Home & Furniture,Storage,740.04,4,157.69,-14.24,-51.93
ORD-02286,2023-02-13,CUS-0127,Brazil,LATAM,Groceries,Fresh Produce,51.0,4,15.88,-14.24,-51.93
ORD-02287,2024-01-13,CUS-0183,Brazil,LATAM,Home & Furniture,Table,85.01,1,0.39,-14.24,-51.93
ORD-02288,2023-06-11,CUS-0371,Mexico,LATAM,Groceries,Beverage,45.0,5,-2.4,23.63,-102.55
ORD-02289,2024-06-26,CUS-0272,Canada,North America,Electronics,Camera,1418.55,3,146.95,56.13,-106.35
ORD-02290,2023-06-16,CUS-0400,Vietnam,APAC,Home & Furniture,Chair,590.6,5,145.47,14.06,108.28
ORD-02291,2023-08-19,CUS-0351,India,APAC,Groceries,Dairy,9.58,1,2.53,20.59,78.96
ORD-02292,2023-10-21,CUS-0325,France,Europe,Home & Furniture,Lamp,971.6,4,52.74,46.23,2.21
ORD-02293,2024-12-22,CUS-0369,France,Europe,Home & Furniture,Storage,327.12,3,55.45,46.23,2.21
ORD-02294,2023-02-27,CUS-0294,South Africa,Africa,Home & Furniture,Lamp,453.56,4,2.96,-30.56,22.94
ORD-02295,2023-03-14,CUS-0311,United States,North America,Fashion,Bag,269.55,3,73.55,37.09,-95.71
ORD-02296,2023-10-27,CUS-0308,Singapore,APAC,Groceries,Fresh Produce,28.1,2,-0.48,1.35,103.82
ORD-02297,2025-03-14,CUS-0082,Canada,North America,Groceries,Dairy,92.0,4,-6.68,56.13,-106.35
ORD-02298,2024-12-31,CUS-0076,India,APAC,Fashion,Shirt,302.37,3,16.14,20.59,78.96
ORD-02299,2023-01-19,CUS-0190,South Africa,Africa,Groceries,Beverage,58.52,4,0.97,-30.56,22.94
ORD-02300,2023-12-21,CUS-0069,Nigeria,Africa,Home & Furniture,Storage,76.11,1,5.68,9.08,8.68
ORD-02301,2023-01-03,CUS-0004,Mexico,LATAM,Fashion,Shoes,282.72,4,-20.46,23.63,-102.55
ORD-02302,2023-06-13,CUS-0351,India,APAC,Fashion,Bag,159.55,1,1.28,20.59,78.96
ORD-02303,2023-04-03,CUS-0040,South Africa,Africa,Groceries,Fresh Produce,31.02,3,0.14,-30.56,22.94
ORD-02304,2023-09-19,CUS-0103,South Africa,Africa,Electronics,Phone,1107.06,3,251.13,-30.56,22.94
ORD-02305,2025-07-09,CUS-0224,Vietnam,APAC,Electronics,Headphone,443.11,1,105.54,14.06,108.28
ORD-02306,2023-05-20,CUS-0031,Brazil,LATAM,Groceries,Dairy,11.57,1,0.09,-14.24,-51.93
ORD-02307,2024-02-26,CUS-0229,Germany,Europe,Groceries,Fresh Produce,54.72,4,-0.19,51.17,10.45
ORD-02308,2023-02-24,CUS-0050,Germany,Europe,Home & Furniture,Storage,63.28,2,17.72,51.17,10.45
ORD-02309,2024-08-08,CUS-0205,Nigeria,Africa,Fashion,Bag,233.04,4,-1.56,9.08,8.68
ORD-02310,2025-01-03,CUS-0093,United Kingdom,Europe,Groceries,Dairy,77.36,4,-5.8,55.38,-3.44
ORD-02311,2023-11-28,CUS-0301,Germany,Europe,Electronics,Camera,2160.64,4,227.37,51.17,10.45
ORD-02312,2023-08-15,CUS-0128,Germany,Europe,Home & Furniture,Storage,256.2,2,57.44,51.17,10.45
ORD-02313,2024-11-05,CUS-0390,Japan,APAC,Fashion,Bag,67.1,2,22.17,36.2,138.25
ORD-02314,2023-08-29,CUS-0004,Mexico,LATAM,Home & Furniture,Chair,494.82,3,64.57,23.63,-102.55
ORD-02315,2023-10-03,CUS-0398,Japan,APAC,Home & Furniture,Chair,365.78,2,119.41,36.2,138.25
ORD-02316,2024-08-29,CUS-0373,United States,North America,Groceries,Snacks,27.12,2,3.29,37.09,-95.71
ORD-02317,2024-02-14,CUS-0374,Vietnam,APAC,Groceries,Dairy,60.08,4,11.55,14.06,108.28
ORD-02318,2025-03-01,CUS-0195,Germany,Europe,Groceries,Beverage,66.4,4,-3.17,51.17,10.45
ORD-02319,2023-08-19,CUS-0038,Mexico,LATAM,Groceries,Dairy,94.3,5,-3.96,23.63,-102.55
ORD-02320,2024-06-02,CUS-0315,United Kingdom,Europe,Electronics,Camera,966.96,3,42.74,55.38,-3.44
ORD-02321,2025-03-31,CUS-0090,France,Europe,Home & Furniture,Lamp,199.75,1,11.54,46.23,2.21
ORD-02322,2024-08-10,CUS-0374,Vietnam,APAC,Fashion,Shirt,98.64,3,-6.65,14.06,108.28
ORD-02323,2024-04-30,CUS-0314,Germany,Europe,Electronics,Laptop,906.9,2,225.68,51.17,10.45
ORD-02324,2023-10-16,CUS-0127,Brazil,LATAM,Home & Furniture,Chair,521.6,4,4.85,-14.24,-51.93
ORD-02325,2024-10-13,CUS-0070,France,Europe,Electronics,Phone,307.73,1,15.88,46.23,2.21
ORD-02326,2023-02-20,CUS-0121,France,Europe,Home & Furniture,Chair,472.38,3,82.09,46.23,2.21
ORD-02327,2024-12-22,CUS-0121,France,Europe,Electronics,Phone,29.03,1,-0.57,46.23,2.21
ORD-02328,2024-05-26,CUS-0351,India,APAC,Electronics,Headphone,612.74,2,204.08,20.59,78.96
ORD-02329,2024-10-01,CUS-0370,Mexico,LATAM,Groceries,Snacks,79.26,3,27.09,23.63,-102.55
ORD-02330,2024-08-04,CUS-0368,Canada,North America,Fashion,Accessories,105.64,2,-2.53,56.13,-106.35
ORD-02331,2023-11-11,CUS-0250,South Africa,Africa,Home & Furniture,Table,468.28,4,-12.29,-30.56,22.94
ORD-02332,2023-06-10,CUS-0006,Nigeria,Africa,Electronics,Camera,2489.7,5,-32.4,9.08,8.68
ORD-02333,2023-07-19,CUS-0307,Vietnam,APAC,Fashion,Bag,15.0,3,2.06,14.06,108.28
ORD-02334,2025-06-02,CUS-0228,South Africa,Africa,Fashion,Shoes,69.0,3,8.76,-30.56,22.94
ORD-02335,2024-02-29,CUS-0317,Japan,APAC,Fashion,Bag,37.38,1,2.63,36.2,138.25
ORD-02336,2024-10-26,CUS-0205,Nigeria,Africa,Electronics,Laptop,1977.3,5,187.74,9.08,8.68
ORD-02337,2023-01-05,CUS-0160,Brazil,LATAM,Fashion,Bag,235.12,4,40.77,-14.24,-51.93
ORD-02338,2023-10-22,CUS-0091,Germany,Europe,Home & Furniture,Storage,470.46,2,84.02,51.17,10.45
ORD-02339,2024-05-20,CUS-0111,Germany,Europe,Home & Furniture,Storage,1067.75,5,360.58,51.17,10.45
ORD-02340,2024-01-24,CUS-0279,Japan,APAC,Home & Furniture,Chair,834.88,4,15.64,36.2,138.25
ORD-02341,2024-01-27,CUS-0162,Nigeria,Africa,Electronics,Headphone,873.93,3,146.6,9.08,8.68
ORD-02342,2023-08-12,CUS-0321,France,Europe,Home & Furniture,Chair,360.76,4,69.22,46.23,2.21
ORD-02343,2025-07-06,CUS-0214,Vietnam,APAC,Electronics,Camera,2543.8,4,233.55,14.06,108.28
ORD-02344,2024-09-11,CUS-0275,India,APAC,Groceries,Dairy,15.0,3,-0.07,20.59,78.96
ORD-02345,2023-02-15,CUS-0056,United Kingdom,Europe,Groceries,Beverage,16.64,1,4.53,55.38,-3.44
ORD-02346,2023-08-31,CUS-0053,Germany,Europe,Fashion,Shoes,57.42,1,-5.03,51.17,10.45
ORD-02347,2023-08-26,CUS-0228,South Africa,Africa,Home & Furniture,Lamp,1127.05,5,109.67,-30.56,22.94
ORD-02348,2025-03-15,CUS-0257,France,Europe,Fashion,Shoes,58.43,1,19.95,46.23,2.21
ORD-02349,2024-05-03,CUS-0216,Brazil,LATAM,Home & Furniture,Lamp,479.91,3,-23.11,-14.24,-51.93
ORD-02350,2023-05-18,CUS-0311,United States,North America,Groceries,Dairy,10.39,1,-0.3,37.09,-95.71
ORD-02351,2025-03-13,CUS-0387,Nigeria,Africa,Home & Furniture,Chair,502.53,3,95.96,9.08,8.68
ORD-02352,2023-03-25,CUS-0001,Germany,Europe,Home & Furniture,Table,827.64,4,191.98,51.17,10.45
ORD-02353,2023-01-10,CUS-0233,United States,North America,Groceries,Dairy,26.3,2,-2.04,37.09,-95.71
ORD-02354,2023-08-28,CUS-0234,Vietnam,APAC,Groceries,Fresh Produce,10.1,2,2.82,14.06,108.28
ORD-02355,2024-08-28,CUS-0151,Japan,APAC,Fashion,Shirt,331.35,3,115.29,36.2,138.25
ORD-02356,2023-01-07,CUS-0178,Mexico,LATAM,Home & Furniture,Lamp,184.48,1,48.68,23.63,-102.55
ORD-02357,2025-06-06,CUS-0359,Mexico,LATAM,Home & Furniture,Storage,206.88,2,-8.99,23.63,-102.55
ORD-02358,2025-05-01,CUS-0210,France,Europe,Electronics,Camera,839.96,2,200.75,46.23,2.21
ORD-02359,2024-12-09,CUS-0340,Singapore,APAC,Fashion,Accessories,63.29,1,-0.31,1.35,103.82
ORD-02360,2024-07-11,CUS-0152,Vietnam,APAC,Home & Furniture,Storage,320.32,4,49.19,14.06,108.28
ORD-02361,2024-12-03,CUS-0003,Nigeria,Africa,Fashion,Shoes,282.21,3,72.79,9.08,8.68
ORD-02362,2023-05-26,CUS-0005,France,Europe,Groceries,Fresh Produce,51.44,4,-4.17,46.23,2.21
ORD-02363,2024-08-03,CUS-0381,India,APAC,Home & Furniture,Chair,898.98,3,193.56,20.59,78.96
ORD-02364,2024-07-23,CUS-0364,Canada,North America,Groceries,Dairy,26.48,2,-0.39,56.13,-106.35
ORD-02365,2023-07-23,CUS-0149,Japan,APAC,Electronics,Phone,1513.15,5,54.57,36.2,138.25
ORD-02366,2024-07-14,CUS-0373,United States,North America,Groceries,Dairy,50.88,3,7.96,37.09,-95.71
ORD-02367,2023-05-16,CUS-0077,Singapore,APAC,Electronics,Headphone,322.55,1,62.0,1.35,103.82
ORD-02368,2023-01-30,CUS-0297,Singapore,APAC,Home & Furniture,Storage,200.36,2,53.44,1.35,103.82
ORD-02369,2025-08-03,CUS-0377,United States,North America,Fashion,Shoes,261.03,3,-24.89,37.09,-95.71
ORD-02370,2024-07-15,CUS-0357,Vietnam,APAC,Electronics,Headphone,83.65,1,-2.31,14.06,108.28
ORD-02371,2023-06-17,CUS-0015,United States,North America,Fashion,Shoes,40.71,1,-2.0,37.09,-95.71
ORD-02372,2024-05-24,CUS-0154,Brazil,LATAM,Groceries,Snacks,39.96,2,6.5,-14.24,-51.93
ORD-02373,2024-12-14,CUS-0196,South Africa,Africa,Home & Furniture,Lamp,355.7,2,23.27,-30.56,22.94
ORD-02374,2025-08-28,CUS-0142,Japan,APAC,Fashion,Accessories,77.73,3,26.52,36.2,138.25
ORD-02375,2025-04-02,CUS-0239,Singapore,APAC,Home & Furniture,Chair,421.53,3,-27.6,1.35,103.82
ORD-02376,2024-06-27,CUS-0118,Mexico,LATAM,Fashion,Shirt,155.58,3,51.39,23.63,-102.55
ORD-02377,2025-01-21,CUS-0104,South Africa,Africa,Electronics,Camera,2762.1,5,-125.5,-30.56,22.94
ORD-02378,2025-01-27,CUS-0031,Brazil,LATAM,Electronics,Phone,1969.35,5,226.27,-14.24,-51.93
ORD-02379,2024-03-26,CUS-0291,France,Europe,Home & Furniture,Chair,154.4,1,12.03,46.23,2.21
ORD-02380,2024-07-07,CUS-0140,France,Europe,Home & Furniture,Table,456.15,5,114.85,46.23,2.21
ORD-02381,2023-11-03,CUS-0300,Japan,APAC,Groceries,Beverage,46.83,3,10.07,36.2,138.25
ORD-02382,2025-07-24,CUS-0159,Brazil,LATAM,Fashion,Shirt,216.1,5,18.61,-14.24,-51.93
ORD-02383,2025-01-30,CUS-0238,Vietnam,APAC,Home & Furniture,Chair,200.66,2,26.49,14.06,108.28
ORD-02384,2024-04-16,CUS-0059,Brazil,LATAM,Groceries,Fresh Produce,22.61,1,-0.23,-14.24,-51.93
ORD-02385,2024-09-13,CUS-0261,France,Europe,Groceries,Fresh Produce,68.64,3,-0.23,46.23,2.21
ORD-02386,2023-06-02,CUS-0042,Japan,APAC,Fashion,Shoes,167.88,2,53.82,36.2,138.25
ORD-02387,2024-04-20,CUS-0010,Japan,APAC,Electronics,Laptop,376.03,1,113.67,36.2,138.25
ORD-02388,2024-04-29,CUS-0224,Vietnam,APAC,Groceries,Beverage,83.85,3,26.34,14.06,108.28
ORD-02389,2025-04-20,CUS-0222,United Kingdom,Europe,Home & Furniture,Chair,752.15,5,0.18,55.38,-3.44
ORD-02390,2023-07-12,CUS-0178,Mexico,LATAM,Fashion,Accessories,64.97,1,-6.45,23.63,-102.55
ORD-02391,2023-09-24,CUS-0352,France,Europe,Electronics,Laptop,1671.27,3,-100.72,46.23,2.21
ORD-02392,2025-01-16,CUS-0024,South Africa,Africa,Groceries,Fresh Produce,20.7,2,7.09,-30.56,22.94
ORD-02393,2023-01-03,CUS-0022,Singapore,APAC,Electronics,Headphone,1253.2,2,84.21,1.35,103.82
ORD-02394,2023-05-22,CUS-0131,South Africa,Africa,Home & Furniture,Chair,126.88,1,-12.2,-30.56,22.94
ORD-02395,2024-10-26,CUS-0346,India,APAC,Electronics,Camera,1516.32,3,236.6,20.59,78.96
ORD-02396,2024-03-20,CUS-0298,Germany,Europe,Electronics,Laptop,537.93,1,111.3,51.17,10.45
ORD-02397,2023-03-20,CUS-0344,Nigeria,Africa,Home & Furniture,Table,500.64,3,-19.89,9.08,8.68
ORD-02398,2024-02-24,CUS-0380,Japan,APAC,Home & Furniture,Chair,762.65,5,2.09,36.2,138.25
ORD-02399,2024-01-26,CUS-0081,India,APAC,Fashion,Bag,68.36,1,18.67,20.59,78.96
ORD-02400,2023-02-03,CUS-0030,South Africa,Africa,Home & Furniture,Table,578.8,4,115.98,-30.56,22.94
ORD-02401,2025-09-29,CUS-0122,Japan,APAC,Home & Furniture,Chair,126.77,1,9.47,36.2,138.25
ORD-02402,2024-06-02,CUS-0237,Mexico,LATAM,Fashion,Shirt,110.4,4,-7.8,23.63,-102.55
ORD-02403,2023-10-03,CUS-0150,United States,North America,Electronics,Headphone,1313.0,2,66.48,37.09,-95.71
ORD-02404,2024-05-31,CUS-0038,Mexico,LATAM,Electronics,Phone,3352.12,4,761.38,23.63,-102.55
ORD-02405,2025-04-28,CUS-0197,United Kingdom,Europe,Fashion,Accessories,192.76,4,24.33,55.38,-3.44
ORD-02406,2023-09-06,CUS-0025,Canada,North America,Fashion,Shirt,340.2,4,-25.74,56.13,-106.35
ORD-02407,2025-04-03,CUS-0115,South Africa,Africa,Home & Furniture,Table,729.2,5,142.9,-30.56,22.94
ORD-02408,2025-01-23,CUS-0120,Vietnam,APAC,Electronics,Laptop,734.16,3,134.93,14.06,108.28
ORD-02409,2024-10-14,CUS-0223,India,APAC,Groceries,Snacks,65.15,5,-6.0,20.59,78.96
ORD-02410,2024-04-25,CUS-0295,United Kingdom,Europe,Home & Furniture,Storage,429.32,4,141.15,55.38,-3.44
ORD-02411,2024-03-07,CUS-0303,Brazil,LATAM,Groceries,Beverage,76.16,4,17.8,-14.24,-51.93
ORD-02412,2023-10-30,CUS-0284,Germany,Europe,Home & Furniture,Table,812.3,5,214.18,51.17,10.45
ORD-02413,2023-01-08,CUS-0252,Canada,North America,Fashion,Shirt,45.51,1,13.28,56.13,-106.35
ORD-02414,2023-05-01,CUS-0283,India,APAC,Electronics,Headphone,2323.0,4,485.34,20.59,78.96
ORD-02415,2024-08-01,CUS-0216,Brazil,LATAM,Electronics,Phone,850.74,2,156.7,-14.24,-51.93
ORD-02416,2025-10-08,CUS-0176,Nigeria,Africa,Electronics,Phone,1641.24,4,407.12,9.08,8.68
ORD-02417,2024-03-30,CUS-0058,Singapore,APAC,Fashion,Shirt,37.65,1,6.41,1.35,103.82
ORD-02418,2023-06-15,CUS-0118,Mexico,LATAM,Groceries,Snacks,84.7,5,-0.1,23.63,-102.55
ORD-02419,2023-01-19,CUS-0066,South Africa,Africa,Groceries,Fresh Produce,109.12,4,15.53,-30.56,22.94
ORD-02420,2023-09-16,CUS-0349,Vietnam,APAC,Electronics,Camera,1337.52,3,-104.79,14.06,108.28
ORD-02421,2023-11-24,CUS-0182,Singapore,APAC,Groceries,Beverage,55.4,4,15.49,1.35,103.82
ORD-02422,2023-11-11,CUS-0343,Japan,APAC,Fashion,Accessories,181.2,3,56.07,36.2,138.25
ORD-02423,2023-08-21,CUS-0127,Brazil,LATAM,Electronics,Headphone,423.69,1,111.45,-14.24,-51.93
ORD-02424,2023-12-28,CUS-0393,United States,North America,Electronics,Phone,1006.74,2,-78.09,37.09,-95.71
ORD-02425,2023-11-21,CUS-0343,Japan,APAC,Groceries,Beverage,20.56,2,0.87,36.2,138.25
ORD-02426,2024-01-08,CUS-0038,Mexico,LATAM,Groceries,Fresh Produce,38.62,2,1.81,23.63,-102.55
ORD-02427,2024-07-19,CUS-0088,Brazil,LATAM,Electronics,Camera,765.4,2,176.57,-14.24,-51.93
ORD-02428,2024-11-27,CUS-0269,United Kingdom,Europe,Home & Furniture,Table,558.48,4,-34.19,55.38,-3.44
ORD-02429,2024-07-13,CUS-0348,India,APAC,Electronics,Laptop,2149.68,4,364.0,20.59,78.96
ORD-02430,2023-03-14,CUS-0009,Brazil,LATAM,Fashion,Accessories,74.13,1,24.76,-14.24,-51.93
ORD-02431,2023-12-16,CUS-0283,India,APAC,Home & Furniture,Chair,1114.44,4,0.92,20.59,78.96
ORD-02432,2023-01-07,CUS-0237,Mexico,LATAM,Home & Furniture,Table,958.1,5,127.71,23.63,-102.55
ORD-02433,2023-08-01,CUS-0090,France,Europe,Fashion,Bag,86.1,2,23.04,46.23,2.21
ORD-02434,2023-01-20,CUS-0212,United Kingdom,Europe,Home & Furniture,Storage,387.69,3,68.65,55.38,-3.44
ORD-02435,2024-11-03,CUS-0389,Canada,North America,Groceries,Snacks,59.64,3,-1.23,56.13,-106.35
ORD-02436,2024-04-16,CUS-0349,Vietnam,APAC,Groceries,Beverage,25.48,1,5.62,14.06,108.28
ORD-02437,2024-03-02,CUS-0063,Singapore,APAC,Home & Furniture,Storage,531.45,5,107.07,1.35,103.82
ORD-02438,2023-10-20,CUS-0191,South Africa,Africa,Groceries,Fresh Produce,25.83,3,1.42,-30.56,22.94
ORD-02439,2023-03-05,CUS-0225,Vietnam,APAC,Home & Furniture,Lamp,542.28,3,130.7,14.06,108.28
ORD-02440,2024-05-29,CUS-0124,Vietnam,APAC,Home & Furniture,Lamp,622.62,3,173.2,14.06,108.28
ORD-02441,2023-07-14,CUS-0312,United States,North America,Groceries,Dairy,83.5,5,6.32,37.09,-95.71
ORD-02442,2025-01-23,CUS-0150,United States,North America,Fashion,Shirt,103.5,2,24.95,37.09,-95.71
ORD-02443,2025-07-04,CUS-0312,United States,North America,Home & Furniture,Storage,157.04,2,40.69,37.09,-95.71
ORD-02444,2023-07-14,CUS-0384,Vietnam,APAC,Fashion,Shoes,282.75,5,-7.13,14.06,108.28
ORD-02445,2024-01-22,CUS-0290,Singapore,APAC,Fashion,Shoes,42.94,2,6.65,1.35,103.82
ORD-02446,2024-06-01,CUS-0237,Mexico,LATAM,Fashion,Accessories,140.42,2,16.07,23.63,-102.55
ORD-02447,2023-11-18,CUS-0229,Germany,Europe,Electronics,Phone,733.24,2,50.18,51.17,10.45
ORD-02448,2024-03-29,CUS-0070,France,Europe,Groceries,Beverage,53.22,2,4.39,46.23,2.21
ORD-02449,2024-10-21,CUS-0043,South Africa,Africa,Groceries,Beverage,63.85,5,19.75,-30.56,22.94
ORD-02450,2024-02-21,CUS-0118,Mexico,LATAM,Fashion,Shoes,389.25,5,53.12,23.63,-102.55
ORD-02451,2023-07-12,CUS-0226,Brazil,LATAM,Fashion,Shirt,317.52,4,13.76,-14.24,-51.93
ORD-02452,2023-12-01,CUS-0306,South Africa,Africa,Electronics,Headphone,2190.39,3,203.22,-30.56,22.94
ORD-02453,2023-10-27,CUS-0205,Nigeria,Africa,Groceries,Snacks,68.4,4,6.11,9.08,8.68
ORD-02454,2023-11-19,CUS-0208,Germany,Europe,Groceries,Dairy,25.54,2,5.51,51.17,10.45
ORD-02455,2023-11-24,CUS-0103,South Africa,Africa,Groceries,Dairy,25.0,5,0.22,-30.56,22.94
ORD-02456,2025-03-07,CUS-0225,Vietnam,APAC,Home & Furniture,Table,330.15,3,57.0,14.06,108.28
ORD-02457,2023-02-15,CUS-0331,Canada,North America,Electronics,Headphone,667.89,3,89.34,56.13,-106.35
ORD-02458,2023-04-30,CUS-0381,India,APAC,Fashion,Accessories,216.16,4,-10.83,20.59,78.96
ORD-02459,2024-08-17,CUS-0237,Mexico,LATAM,Home & Furniture,Storage,935.52,4,9.36,23.63,-102.55
ORD-02460,2023-10-03,CUS-0258,Mexico,LATAM,Fashion,Shirt,42.24,4,14.26,23.63,-102.55
ORD-02461,2024-08-18,CUS-0219,Mexico,LATAM,Electronics,Headphone,1269.64,4,432.77,23.63,-102.55
ORD-02462,2023-03-20,CUS-0236,Vietnam,APAC,Home & Furniture,Storage,991.25,5,219.78,14.06,108.28
ORD-02463,2023-08-29,CUS-0216,Brazil,LATAM,Groceries,Fresh Produce,13.99,1,-1.27,-14.24,-51.93
ORD-02464,2025-08-29,CUS-0044,Germany,Europe,Fashion,Shoes,374.72,4,127.19,51.17,10.45
ORD-02465,2024-01-08,CUS-0002,India,APAC,Groceries,Snacks,73.05,5,10.65,20.59,78.96
ORD-02466,2024-11-17,CUS-0070,France,Europe,Fashion,Shoes,181.4,4,18.11,46.23,2.21
ORD-02467,2023-11-11,CUS-0332,France,Europe,Home & Furniture,Storage,665.75,5,-41.18,46.23,2.21
ORD-02468,2024-03-14,CUS-0360,Japan,APAC,Fashion,Shirt,48.56,4,5.05,36.2,138.25
ORD-02469,2023-01-20,CUS-0234,Vietnam,APAC,Groceries,Fresh Produce,65.76,4,2.65,14.06,108.28
ORD-02470,2024-05-16,CUS-0008,Germany,Europe,Home & Furniture,Table,240.66,2,64.86,51.17,10.45
ORD-02471,2025-08-08,CUS-0336,Japan,APAC,Groceries,Dairy,61.4,5,-1.81,36.2,138.25
ORD-02472,2025-09-03,CUS-0231,Japan,APAC,Groceries,Fresh Produce,25.11,3,5.34,36.2,138.25
ORD-02473,2023-02-08,CUS-0183,Brazil,LATAM,Groceries,Fresh Produce,42.14,2,7.4,-14.24,-51.93
ORD-02474,2023-06-07,CUS-0302,South Africa,Africa,Groceries,Fresh Produce,99.75,5,24.37,-30.56,22.94
ORD-02475,2023-05-27,CUS-0302,South Africa,Africa,Home & Furniture,Table,488.37,3,2.31,-30.56,22.94
ORD-02476,2023-11-24,CUS-0175,India,APAC,Home & Furniture,Storage,185.48,2,46.79,20.59,78.96
ORD-02477,2023-04-02,CUS-0117,France,Europe,Fashion,Bag,64.8,3,0.8,46.23,2.21
ORD-02478,2024-04-10,CUS-0044,Germany,Europe,Home & Furniture,Table,252.87,3,15.73,51.17,10.45
ORD-02479,2024-12-05,CUS-0399,South Africa,Africa,Home & Furniture,Chair,432.66,2,-3.47,-30.56,22.94
ORD-02480,2024-08-10,CUS-0085,Brazil,LATAM,Fashion,Shoes,378.96,3,80.71,-14.24,-51.93
ORD-02481,2023-03-08,CUS-0185,United Kingdom,Europe,Electronics,Headphone,92.97,1,11.53,55.38,-3.44
ORD-02482,2024-11-22,CUS-0298,Germany,Europe,Electronics,Camera,211.99,1,29.04,51.17,10.45
ORD-02483,2025-07-15,CUS-0240,Singapore,APAC,Home & Furniture,Storage,163.48,1,-15.35,1.35,103.82
ORD-02484,2024-01-24,CUS-0231,Japan,APAC,Home & Furniture,Table,737.5,5,-72.33,36.2,138.25
ORD-02485,2023-10-23,CUS-0375,South Africa,Africa,Home & Furniture,Table,308.22,3,62.96,-30.56,22.94
ORD-02486,2024-11-21,CUS-0056,United Kingdom,Europe,Home & Furniture,Table,1019.15,5,142.07,55.38,-3.44
ORD-02487,2025-08-19,CUS-0358,South Africa,Africa,Home & Furniture,Lamp,1171.55,5,338.55,-30.56,22.94
ORD-02488,2024-02-07,CUS-0174,Nigeria,Africa,Electronics,Camera,902.88,3,16.11,9.08,8.68
ORD-02489,2025-03-05,CUS-0174,Nigeria,Africa,Fashion,Bag,66.75,3,-5.57,9.08,8.68
ORD-02490,2024-02-02,CUS-0159,Brazil,LATAM,Home & Furniture,Table,93.1,2,8.23,-14.24,-51.93
ORD-02491,2024-12-26,CUS-0351,India,APAC,Electronics,Headphone,222.64,2,-11.76,20.59,78.96
ORD-02492,2024-09-10,CUS-0372,Singapore,APAC,Groceries,Snacks,48.33,3,12.61,1.35,103.82
ORD-02493,2024-06-23,CUS-0212,United Kingdom,Europe,Home & Furniture,Table,870.99,3,269.4,55.38,-3.44
ORD-02494,2023-10-24,CUS-0131,South Africa,Africa,Fashion,Accessories,136.8,4,9.45,-30.56,22.94
ORD-02495,2025-03-17,CUS-0294,South Africa,Africa,Fashion,Shirt,178.74,3,-4.11,-30.56,22.94
ORD-02496,2023-03-03,CUS-0199,Vietnam,APAC,Groceries,Dairy,14.64,1,1.34,14.06,108.28
ORD-02497,2023-09-11,CUS-0255,Germany,Europe,Fashion,Shirt,33.08,1,6.08,51.17,10.45
ORD-02498,2023-03-10,CUS-0183,Brazil,LATAM,Groceries,Fresh Produce,32.25,3,10.18,-14.24,-51.93
ORD-02499,2024-03-09,CUS-0356,Vietnam,APAC,Home & Furniture,Storage,209.88,4,62.45,14.06,108.28
ORD-02500,2025-01-26,CUS-0335,United Kingdom,Europe,Fashion,Bag,35.5,1,6.21,55.38,-3.44
ORD-02501,2024-01-01,CUS-0022,Singapore,APAC,Fashion,Bag,211.88,4,24.82,1.35,103.82
ORD-02502,2024-09-30,CUS-0298,Germany,Europe,Groceries,Dairy,21.84,1,0.01,51.17,10.45
ORD-02503,2023-06-05,CUS-0367,Japan,APAC,Fashion,Shirt,121.26,2,20.19,36.2,138.25
ORD-02504,2024-05-23,CUS-0138,Germany,Europe,Home & Furniture,Storage,772.85,5,58.42,51.17,10.45
ORD-02505,2024-02-02,CUS-0394,France,Europe,Groceries,Dairy,26.62,2,0.34,46.23,2.21
ORD-02506,2025-10-17,CUS-0324,Vietnam,APAC,Electronics,Laptop,1591.7,5,419.43,14.06,108.28
ORD-02507,2025-09-29,CUS-0069,Nigeria,Africa,Fashion,Bag,47.14,1,6.71,9.08,8.68
ORD-02508,2025-01-05,CUS-0136,Singapore,APAC,Groceries,Fresh Produce,70.85,5,22.6,1.35,103.82
ORD-02509,2025-05-13,CUS-0285,India,APAC,Electronics,Camera,1156.98,2,100.68,20.59,78.96
ORD-02510,2024-05-15,CUS-0304,United Kingdom,Europe,Groceries,Dairy,44.55,3,2.19,55.38,-3.44
ORD-02511,2024-02-06,CUS-0027,South Africa,Africa,Electronics,Phone,662.19,3,95.96,-30.56,22.94
ORD-02512,2025-01-02,CUS-0394,France,Europe,Groceries,Beverage,62.22,3,-4.13,46.23,2.21
ORD-02513,2025-04-23,CUS-0316,United Kingdom,Europe,Groceries,Snacks,26.61,3,-1.12,55.38,-3.44
ORD-02514,2023-12-02,CUS-0252,Canada,North America,Electronics,Headphone,312.26,1,-22.47,56.13,-106.35
ORD-02515,2023-07-21,CUS-0235,France,Europe,Home & Furniture,Lamp,156.56,1,35.97,46.23,2.21
ORD-02516,2024-01-11,CUS-0114,Vietnam,APAC,Home & Furniture,Chair,72.71,1,-1.81,14.06,108.28
ORD-02517,2025-04-03,CUS-0399,South Africa,Africa,Home & Furniture,Storage,509.97,3,31.06,-30.56,22.94
ORD-02518,2025-03-14,CUS-0348,India,APAC,Groceries,Snacks,65.22,3,14.29,20.59,78.96
ORD-02519,2025-05-08,CUS-0127,Brazil,LATAM,Fashion,Bag,283.0,5,64.85,-14.24,-51.93
ORD-02520,2024-09-19,CUS-0049,Japan,APAC,Groceries,Snacks,40.96,4,-1.35,36.2,138.25
ORD-02521,2024-10-10,CUS-0061,Brazil,LATAM,Fashion,Shoes,233.28,3,55.49,-14.24,-51.93
ORD-02522,2024-03-23,CUS-0364,Canada,North America,Fashion,Accessories,53.63,1,2.54,56.13,-106.35
ORD-02523,2024-04-12,CUS-0380,Japan,APAC,Home & Furniture,Table,312.44,4,77.0,36.2,138.25
ORD-02524,2023-10-16,CUS-0012,Mexico,LATAM,Fashion,Bag,95.8,1,22.96,23.63,-102.55
ORD-02525,2023-02-02,CUS-0187,Canada,North America,Home & Furniture,Table,582.3,3,-24.64,56.13,-106.35
ORD-02526,2023-02-08,CUS-0215,Japan,APAC,Home & Furniture,Storage,317.04,4,36.0,36.2,138.25
ORD-02527,2024-08-09,CUS-0104,South Africa,Africa,Home & Furniture,Storage,687.0,4,93.44,-30.56,22.94
ORD-02528,2023-04-08,CUS-0217,South Africa,Africa,Groceries,Fresh Produce,50.8,5,-3.65,-30.56,22.94
ORD-02529,2023-12-24,CUS-0371,Mexico,LATAM,Electronics,Headphone,489.14,1,97.55,23.63,-102.55
ORD-02530,2025-02-23,CUS-0266,Canada,North America,Electronics,Headphone,282.21,1,-2.0,56.13,-106.35
ORD-02531,2023-12-23,CUS-0293,Mexico,LATAM,Electronics,Laptop,2113.3,5,-192.95,23.63,-102.55
ORD-02532,2024-09-09,CUS-0180,Canada,North America,Electronics,Laptop,1210.24,4,382.68,56.13,-106.35
ORD-02533,2025-01-17,CUS-0037,Mexico,LATAM,Fashion,Shirt,78.83,1,17.2,23.63,-102.55
ORD-02534,2023-08-06,CUS-0027,South Africa,Africa,Electronics,Camera,2093.85,5,517.31,-30.56,22.94
ORD-02535,2024-09-24,CUS-0158,United Kingdom,Europe,Home & Furniture,Storage,168.93,1,43.45,55.38,-3.44
ORD-02536,2023-07-03,CUS-0265,Canada,North America,Fashion,Accessories,251.68,4,19.06,56.13,-106.35
ORD-02537,2025-09-05,CUS-0251,Brazil,LATAM,Fashion,Bag,134.46,2,30.26,-14.24,-51.93
ORD-02538,2023-08-27,CUS-0347,Vietnam,APAC,Electronics,Headphone,2198.56,4,223.72,14.06,108.28
ORD-02539,2023-10-22,CUS-0238,Vietnam,APAC,Groceries,Beverage,45.15,5,10.44,14.06,108.28
ORD-02540,2023-06-25,CUS-0291,France,Europe,Electronics,Camera,652.37,1,30.55,46.23,2.21
ORD-02541,2023-10-26,CUS-0008,Germany,Europe,Groceries,Fresh Produce,80.15,5,7.65,51.17,10.45
ORD-02542,2024-05-02,CUS-0019,Japan,APAC,Electronics,Headphone,770.24,2,60.49,36.2,138.25
ORD-02543,2024-07-11,CUS-0271,Mexico,LATAM,Fashion,Accessories,195.65,5,17.98,23.63,-102.55
ORD-02544,2023-01-31,CUS-0246,Vietnam,APAC,Electronics,Camera,443.4,1,-31.95,14.06,108.28
ORD-02545,2025-06-05,CUS-0021,United States,North America,Groceries,Dairy,27.18,3,-1.29,37.09,-95.71
ORD-02546,2025-01-19,CUS-0285,India,APAC,Electronics,Phone,281.9,1,62.32,20.59,78.96
ORD-02547,2023-05-08,CUS-0230,Singapore,APAC,Electronics,Phone,819.54,3,25.13,1.35,103.82
ORD-02548,2023-08-30,CUS-0218,France,Europe,Home & Furniture,Lamp,565.02,3,-19.25,46.23,2.21
ORD-02549,2023-09-01,CUS-0324,Vietnam,APAC,Home & Furniture,Storage,630.05,5,51.92,14.06,108.28
ORD-02550,2024-11-18,CUS-0338,Nigeria,Africa,Home & Furniture,Chair,128.54,2,17.59,9.08,8.68
ORD-02551,2024-06-05,CUS-0301,Germany,Europe,Groceries,Dairy,15.05,1,2.89,51.17,10.45
ORD-02552,2023-05-07,CUS-0335,United Kingdom,Europe,Fashion,Accessories,158.74,2,-5.32,55.38,-3.44
ORD-02553,2023-04-17,CUS-0269,United Kingdom,Europe,Home & Furniture,Table,249.4,1,77.39,55.38,-3.44
ORD-02554,2025-08-08,CUS-0243,Germany,Europe,Home & Furniture,Chair,384.17,1,27.51,51.17,10.45
ORD-02555,2023-10-25,CUS-0096,Nigeria,Africa,Electronics,Phone,2177.72,4,240.26,9.08,8.68
ORD-02556,2023-08-18,CUS-0133,United Kingdom,Europe,Electronics,Laptop,746.85,1,172.09,55.38,-3.44
ORD-02557,2025-03-16,CUS-0057,South Africa,Africa,Electronics,Phone,1500.84,3,395.95,-30.56,22.94
ORD-02558,2023-02-06,CUS-0016,India,APAC,Electronics,Camera,414.83,1,19.09,20.59,78.96
ORD-02559,2023-12-03,CUS-0298,Germany,Europe,Home & Furniture,Chair,292.02,2,9.73,51.17,10.45
ORD-02560,2023-01-08,CUS-0114,Vietnam,APAC,Home & Furniture,Storage,442.05,3,49.52,14.06,108.28
ORD-02561,2024-09-25,CUS-0221,France,Europe,Home & Furniture,Storage,828.0,5,21.67,46.23,2.21
ORD-02562,2024-03-05,CUS-0270,South Africa,Africa,Groceries,Dairy,60.7,5,4.96,-30.56,22.94
ORD-02563,2025-02-11,CUS-0363,Canada,North America,Fashion,Bag,47.49,1,15.38,56.13,-106.35
ORD-02564,2024-12-06,CUS-0364,Canada,North America,Groceries,Dairy,56.4,2,-2.88,56.13,-106.35
ORD-02565,2023-04-08,CUS-0109,Vietnam,APAC,Fashion,Accessories,118.36,2,-9.55,14.06,108.28
ORD-02566,2023-06-29,CUS-0387,Nigeria,Africa,Home & Furniture,Lamp,1251.5,5,292.5,9.08,8.68
ORD-02567,2025-07-14,CUS-0292,Vietnam,APAC,Home & Furniture,Chair,298.5,3,72.79,14.06,108.28
ORD-02568,2025-02-14,CUS-0397,United States,North America,Home & Furniture,Storage,925.2,4,320.86,37.09,-95.71
ORD-02569,2023-03-27,CUS-0046,United Kingdom,Europe,Electronics,Headphone,360.54,2,-4.14,55.38,-3.44
ORD-02570,2023-09-30,CUS-0014,France,Europe,Fashion,Shirt,263.0,5,52.87,46.23,2.21
ORD-02571,2023-11-30,CUS-0335,United Kingdom,Europe,Groceries,Dairy,86.2,5,16.92,55.38,-3.44
ORD-02572,2024-02-01,CUS-0169,United States,North America,Home & Furniture,Chair,310.04,4,47.88,37.09,-95.71
ORD-02573,2024-01-04,CUS-0302,South Africa,Africa,Home & Furniture,Storage,464.73,3,98.1,-30.56,22.94
ORD-02574,2024-07-07,CUS-0187,Canada,North America,Home & Furniture,Storage,238.7,2,81.75,56.13,-106.35
ORD-02575,2023-03-12,CUS-0361,Canada,North America,Electronics,Laptop,2572.36,4,866.49,56.13,-106.35
ORD-02576,2023-05-13,CUS-0290,Singapore,APAC,Fashion,Shirt,235.26,3,77.3,1.35,103.82
ORD-02577,2024-05-28,CUS-0247,Japan,APAC,Electronics,Headphone,2860.4,5,-51.59,36.2,138.25
ORD-02578,2023-02-10,CUS-0087,Singapore,APAC,Groceries,Snacks,25.48,4,-0.96,1.35,103.82
ORD-02579,2023-05-14,CUS-0052,United Kingdom,Europe,Home & Furniture,Table,669.1,5,-10.57,55.38,-3.44
ORD-02580,2023-07-04,CUS-0106,United Kingdom,Europe,Fashion,Shirt,55.31,1,-4.04,55.38,-3.44
ORD-02581,2024-12-05,CUS-0198,Germany,Europe,Home & Furniture,Storage,438.74,2,5.73,51.17,10.45
ORD-02582,2023-04-26,CUS-0047,Japan,APAC,Home & Furniture,Chair,382.7,2,-16.43,36.2,138.25
ORD-02583,2025-07-11,CUS-0119,Japan,APAC,Home & Furniture,Chair,331.59,3,-26.59,36.2,138.25
ORD-02584,2024-10-18,CUS-0032,Canada,North America,Groceries,Dairy,34.0,4,2.06,56.13,-106.35
ORD-02585,2023-06-17,CUS-0113,France,Europe,Groceries,Beverage,36.62,2,5.98,46.23,2.21
ORD-02586,2025-01-13,CUS-0312,United States,North America,Home & Furniture,Table,400.78,2,75.92,37.09,-95.71
ORD-02587,2023-01-18,CUS-0142,Japan,APAC,Fashion,Shirt,377.36,4,108.91,36.2,138.25
ORD-02588,2024-06-29,CUS-0006,Nigeria,Africa,Home & Furniture,Storage,435.69,3,-28.32,9.08,8.68
ORD-02589,2024-01-01,CUS-0285,India,APAC,Electronics,Phone,449.38,2,19.44,20.59,78.96
ORD-02590,2024-07-09,CUS-0076,India,APAC,Groceries,Fresh Produce,16.12,1,2.14,20.59,78.96
ORD-02591,2023-06-22,CUS-0115,South Africa,Africa,Electronics,Phone,1002.88,4,-6.48,-30.56,22.94
ORD-02592,2023-01-24,CUS-0257,France,Europe,Groceries,Fresh Produce,26.49,3,5.74,46.23,2.21
ORD-02593,2024-09-06,CUS-0245,Vietnam,APAC,Electronics,Headphone,2810.72,4,727.67,14.06,108.28
ORD-02594,2023-08-21,CUS-0178,Mexico,LATAM,Groceries,Fresh Produce,128.8,5,31.52,23.63,-102.55
ORD-02595,2023-07-20,CUS-0041,South Africa,Africa,Home & Furniture,Storage,89.31,1,14.39,-30.56,22.94
ORD-02596,2024-06-03,CUS-0080,Brazil,LATAM,Fashion,Bag,365.36,4,-0.7,-14.24,-51.93
ORD-02597,2024-12-06,CUS-0381,India,APAC,Electronics,Laptop,1330.8,4,-115.82,20.59,78.96
ORD-02598,2023-07-21,CUS-0070,France,Europe,Fashion,Accessories,423.6,5,122.93,46.23,2.21
ORD-02599,2023-12-14,CUS-0035,United Kingdom,Europe,Fashion,Bag,189.33,3,-7.66,55.38,-3.44
ORD-02600,2025-01-03,CUS-0157,Mexico,LATAM,Groceries,Fresh Produce,117.55,5,25.44,23.63,-102.55
ORD-02601,2024-10-17,CUS-0281,Japan,APAC,Home & Furniture,Table,166.65,1,44.34,36.2,138.25
ORD-02602,2024-07-15,CUS-0112,United Kingdom,Europe,Home & Furniture,Table,296.7,2,-0.83,55.38,-3.44
ORD-02603,2025-01-06,CUS-0091,Germany,Europe,Electronics,Headphone,659.32,4,-55.0,51.17,10.45
ORD-02604,2023-08-27,CUS-0328,Vietnam,APAC,Groceries,Beverage,92.1,5,9.96,14.06,108.28
ORD-02605,2023-10-20,CUS-0321,France,Europe,Fashion,Shirt,326.9,5,57.6,46.23,2.21
ORD-02606,2025-01-13,CUS-0190,South Africa,Africa,Groceries,Fresh Produce,34.8,2,-1.41,-30.56,22.94
ORD-02607,2023-09-12,CUS-0124,Vietnam,APAC,Fashion,Accessories,65.84,4,-2.93,14.06,108.28
ORD-02608,2023-05-12,CUS-0393,United States,North America,Fashion,Shoes,251.64,4,69.28,37.09,-95.71
ORD-02609,2024-05-18,CUS-0257,France,Europe,Electronics,Laptop,1784.0,5,-89.26,46.23,2.21
ORD-02610,2024-07-28,CUS-0178,Mexico,LATAM,Groceries,Fresh Produce,14.1,1,4.87,23.63,-102.55
ORD-02611,2024-03-17,CUS-0144,France,Europe,Electronics,Laptop,855.27,3,190.12,46.23,2.21
ORD-02612,2023-08-14,CUS-0334,Japan,APAC,Fashion,Shoes,429.3,5,2.26,36.2,138.25
ORD-02613,2024-02-02,CUS-0132,Germany,Europe,Home & Furniture,Table,81.78,3,15.82,51.17,10.45
ORD-02614,2023-08-26,CUS-0023,France,Europe,Fashion,Shoes,434.85,5,86.64,46.23,2.21
ORD-02615,2024-04-03,CUS-0222,United Kingdom,Europe,Electronics,Headphone,2225.28,4,198.16,55.38,-3.44
ORD-02616,2023-03-15,CUS-0103,South Africa,Africa,Fashion,Accessories,221.8,5,-14.82,-30.56,22.94
ORD-02617,2024-10-27,CUS-0347,Vietnam,APAC,Home & Furniture,Chair,456.87,3,149.03,14.06,108.28
ORD-02618,2024-08-22,CUS-0031,Brazil,LATAM,Groceries,Dairy,22.64,2,4.88,-14.24,-51.93
ORD-02619,2023-01-24,CUS-0346,India,APAC,Home & Furniture,Lamp,561.75,3,-15.55,20.59,78.96
ORD-02620,2024-02-09,CUS-0064,India,APAC,Fashion,Shoes,140.68,2,-11.31,20.59,78.96
ORD-02621,2024-02-26,CUS-0136,Singapore,APAC,Fashion,Bag,128.92,2,38.32,1.35,103.82
ORD-02622,2024-08-24,CUS-0325,France,Europe,Groceries,Dairy,71.95,5,22.18,46.23,2.21
ORD-02623,2023-03-25,CUS-0329,France,Europe,Home & Furniture,Table,137.64,1,-6.01,46.23,2.21
ORD-02624,2023-06-25,CUS-0147,Japan,APAC,Home & Furniture,Storage,418.41,3,131.54,36.2,138.25
ORD-02625,2023-03-18,CUS-0131,South Africa,Africa,Home & Furniture,Chair,302.0,2,89.08,-30.56,22.94
ORD-02626,2024-04-02,CUS-0297,Singapore,APAC,Groceries,Beverage,49.95,5,14.21,1.35,103.82
ORD-02627,2024-02-21,CUS-0047,Japan,APAC,Home & Furniture,Chair,784.32,4,240.24,36.2,138.25
ORD-02628,2024-11-24,CUS-0076,India,APAC,Groceries,Snacks,11.68,1,3.67,20.59,78.96
ORD-02629,2024-12-15,CUS-0224,Vietnam,APAC,Home & Furniture,Table,600.16,4,52.19,14.06,108.28
ORD-02630,2023-09-07,CUS-0243,Germany,Europe,Groceries,Snacks,30.84,2,-2.46,51.17,10.45
ORD-02631,2024-07-01,CUS-0397,United States,North America,Electronics,Headphone,1125.63,3,29.38,37.09,-95.71
ORD-02632,2024-12-09,CUS-0079,Canada,North America,Groceries,Snacks,18.59,1,3.55,56.13,-106.35
ORD-02633,2024-01-14,CUS-0289,Germany,Europe,Fashion,Shirt,453.55,5,102.75,51.17,10.45
ORD-02634,2024-10-19,CUS-0150,United States,North America,Home & Furniture,Storage,196.9,1,14.67,37.09,-95.71
ORD-02635,2024-01-24,CUS-0266,Canada,North America,Groceries,Fresh Produce,64.16,4,18.78,56.13,-106.35
ORD-02636,2025-02-10,CUS-0132,Germany,Europe,Electronics,Phone,2941.35,5,907.44,51.17,10.45
ORD-02637,2023-07-30,CUS-0034,South Africa,Africa,Fashion,Accessories,176.07,3,-14.23,-30.56,22.94
ORD-02638,2024-06-01,CUS-0224,Vietnam,APAC,Fashion,Shirt,134.68,2,15.35,14.06,108.28
ORD-02639,2024-11-16,CUS-0304,United Kingdom,Europe,Home & Furniture,Table,570.52,4,116.91,55.38,-3.44
ORD-02640,2024-10-09,CUS-0395,Nigeria,Africa,Electronics,Laptop,464.42,1,19.66,9.08,8.68
ORD-02641,2025-01-21,CUS-0049,Japan,APAC,Home & Furniture,Table,711.0,5,-40.95,36.2,138.25
ORD-02642,2023-08-10,CUS-0329,France,Europe,Home & Furniture,Chair,266.4,2,56.89,46.23,2.21
ORD-02643,2025-02-17,CUS-0115,South Africa,Africa,Electronics,Phone,452.97,1,72.33,-30.56,22.94
ORD-02644,2023-01-13,CUS-0136,Singapore,APAC,Home & Furniture,Lamp,437.92,4,63.82,1.35,103.82
ORD-02645,2023-08-13,CUS-0211,Mexico,LATAM,Groceries,Fresh Produce,147.55,5,-6.55,23.63,-102.55
ORD-02646,2024-01-28,CUS-0332,France,Europe,Home & Furniture,Lamp,968.2,5,175.08,46.23,2.21
ORD-02647,2025-07-19,CUS-0030,South Africa,Africa,Electronics,Phone,1552.28,4,240.15,-30.56,22.94
ORD-02648,2024-10-15,CUS-0322,Canada,North America,Home & Furniture,Lamp,683.65,5,114.07,56.13,-106.35
ORD-02649,2024-10-31,CUS-0114,Vietnam,APAC,Home & Furniture,Storage,548.7,5,122.9,14.06,108.28
ORD-02650,2023-01-28,CUS-0138,Germany,Europe,Electronics,Headphone,688.22,1,216.43,51.17,10.45
ORD-02651,2024-08-29,CUS-0314,Germany,Europe,Fashion,Bag,267.92,4,25.93,51.17,10.45
ORD-02652,2023-05-14,CUS-0294,South Africa,Africa,Electronics,Headphone,734.8,4,98.05,-30.56,22.94
ORD-02653,2023-01-19,CUS-0378,South Africa,Africa,Electronics,Headphone,503.78,1,170.94,-30.56,22.94
ORD-02654,2024-09-23,CUS-0185,United Kingdom,Europe,Groceries,Snacks,10.0,2,1.36,55.38,-3.44
ORD-02655,2025-02-06,CUS-0041,South Africa,Africa,Groceries,Fresh Produce,47.68,4,3.93,-30.56,22.94
ORD-02656,2023-04-04,CUS-0264,Singapore,APAC,Groceries,Fresh Produce,50.28,2,14.69,1.35,103.82
ORD-02657,2023-07-31,CUS-0156,Germany,Europe,Groceries,Snacks,23.94,2,2.93,51.17,10.45
ORD-02658,2024-10-22,CUS-0336,Japan,APAC,Electronics,Camera,2045.4,4,49.86,36.2,138.25
ORD-02659,2023-02-15,CUS-0376,Vietnam,APAC,Groceries,Beverage,56.76,3,11.13,14.06,108.28
ORD-02660,2025-04-25,CUS-0007,United States,North America,Groceries,Dairy,15.0,3,1.73,37.09,-95.71
ORD-02661,2023-02-22,CUS-0100,Brazil,LATAM,Electronics,Phone,844.16,4,290.69,-14.24,-51.93
ORD-02662,2024-08-10,CUS-0067,Germany,Europe,Electronics,Headphone,1741.4,5,-108.0,51.17,10.45
ORD-02663,2024-05-17,CUS-0288,France,Europe,Electronics,Phone,1053.3,3,75.24,46.23,2.21
ORD-02664,2023-02-15,CUS-0345,United Kingdom,Europe,Groceries,Snacks,60.4,4,3.48,55.38,-3.44
ORD-02665,2023-08-23,CUS-0090,France,Europe,Groceries,Beverage,10.55,1,0.06,46.23,2.21
ORD-02666,2023-06-17,CUS-0041,South Africa,Africa,Home & Furniture,Storage,735.05,5,20.08,-30.56,22.94
ORD-02667,2024-09-08,CUS-0152,Vietnam,APAC,Groceries,Beverage,50.48,4,14.32,14.06,108.28
ORD-02668,2024-02-15,CUS-0332,France,Europe,Home & Furniture,Lamp,321.04,2,84.82,46.23,2.21
ORD-02669,2023-11-21,CUS-0177,Germany,Europe,Groceries,Snacks,24.99,3,6.28,51.17,10.45
ORD-02670,2023-02-13,CUS-0013,Mexico,LATAM,Electronics,Phone,431.77,1,-27.68,23.63,-102.55
ORD-02671,2023-07-26,CUS-0183,Brazil,LATAM,Home & Furniture,Chair,64.58,1,-0.66,-14.24,-51.93
ORD-02672,2024-01-30,CUS-0138,Germany,Europe,Groceries,Snacks,91.16,4,30.55,51.17,10.45
ORD-02673,2023-03-08,CUS-0262,United States,North America,Electronics,Laptop,2222.25,5,605.29,37.09,-95.71
ORD-02674,2024-07-23,CUS-0281,Japan,APAC,Electronics,Laptop,340.68,1,-5.52,36.2,138.25
ORD-02675,2024-10-27,CUS-0387,Nigeria,Africa,Electronics,Headphone,3311.45,5,377.87,9.08,8.68
ORD-02676,2024-10-02,CUS-0276,South Africa,Africa,Groceries,Fresh Produce,25.22,2,0.16,-30.56,22.94
ORD-02677,2023-06-07,CUS-0208,Germany,Europe,Fashion,Accessories,314.35,5,3.57,51.17,10.45
ORD-02678,2024-05-02,CUS-0367,Japan,APAC,Electronics,Phone,580.71,1,-17.07,36.2,138.25
ORD-02679,2023-05-23,CUS-0211,Mexico,LATAM,Groceries,Fresh Produce,83.92,4,15.33,23.63,-102.55
ORD-02680,2024-01-21,CUS-0259,Vietnam,APAC,Groceries,Beverage,26.64,2,5.8,14.06,108.28
ORD-02681,2024-08-14,CUS-0182,Singapore,APAC,Electronics,Headphone,2217.35,5,382.85,1.35,103.82
ORD-02682,2023-06-01,CUS-0285,India,APAC,Groceries,Fresh Produce,89.6,5,31.1,20.59,78.96
ORD-02683,2024-07-16,CUS-0358,South Africa,Africa,Electronics,Phone,1503.64,4,519.57,-30.56,22.94
ORD-02684,2025-06-07,CUS-0199,Vietnam,APAC,Groceries,Snacks,25.02,1,-1.72,14.06,108.28
ORD-02685,2023-09-29,CUS-0101,United Kingdom,Europe,Electronics,Phone,1095.52,2,38.01,55.38,-3.44
ORD-02686,2025-07-27,CUS-0156,Germany,Europe,Fashion,Bag,223.16,4,-21.7,51.17,10.45
ORD-02687,2024-05-31,CUS-0238,Vietnam,APAC,Fashion,Bag,349.04,4,54.51,14.06,108.28
ORD-02688,2024-11-11,CUS-0042,Japan,APAC,Electronics,Laptop,743.82,3,183.78,36.2,138.25
ORD-02689,2024-05-14,CUS-0073,India,APAC,Electronics,Headphone,1652.3,5,434.14,20.59,78.96
ORD-02690,2024-07-08,CUS-0337,United Kingdom,Europe,Electronics,Laptop,1561.95,5,-128.66,55.38,-3.44
ORD-02691,2023-04-28,CUS-0031,Brazil,LATAM,Electronics,Phone,395.08,1,70.61,-14.24,-51.93
ORD-02692,2024-06-05,CUS-0310,South Africa,Africa,Fashion,Accessories,203.37,3,-3.57,-30.56,22.94
ORD-02693,2023-09-25,CUS-0196,South Africa,Africa,Electronics,Camera,2554.96,4,695.71,-30.56,22.94
ORD-02694,2025-05-20,CUS-0240,Singapore,APAC,Home & Furniture,Table,189.93,1,7.03,1.35,103.82
ORD-02695,2024-09-12,CUS-0042,Japan,APAC,Electronics,Laptop,2099.64,4,652.61,36.2,138.25
ORD-02696,2024-07-23,CUS-0133,United Kingdom,Europe,Groceries,Dairy,101.55,5,10.3,55.38,-3.44
ORD-02697,2024-11-19,CUS-0282,Japan,APAC,Electronics,Camera,1357.24,4,352.17,36.2,138.25
ORD-02698,2025-08-13,CUS-0052,United Kingdom,Europe,Fashion,Accessories,313.6,4,2.99,55.38,-3.44
ORD-02699,2025-08-14,CUS-0247,Japan,APAC,Fashion,Bag,197.25,5,36.46,36.2,138.25
ORD-02700,2024-01-07,CUS-0330,India,APAC,Electronics,Laptop,2409.45,5,-59.89,20.59,78.96
ORD-02701,2023-07-12,CUS-0189,South Africa,Africa,Fashion,Bag,225.72,4,3.51,-30.56,22.94
ORD-02702,2024-07-12,CUS-0372,Singapore,APAC,Home & Furniture,Chair,281.97,3,86.72,1.35,103.82
ORD-02703,2023-09-06,CUS-0223,India,APAC,Home & Furniture,Storage,564.18,3,83.46,20.59,78.96
ORD-02704,2023-08-06,CUS-0363,Canada,North America,Groceries,Dairy,40.88,2,12.54,56.13,-106.35
ORD-02705,2024-01-31,CUS-0321,France,Europe,Fashion,Shoes,187.92,3,43.32,46.23,2.21
ORD-02706,2023-12-27,CUS-0065,South Africa,Africa,Electronics,Camera,547.06,1,25.65,-30.56,22.94
ORD-02707,2023-03-21,CUS-0371,Mexico,LATAM,Home & Furniture,Storage,236.46,2,13.18,23.63,-102.55
ORD-02708,2024-12-25,CUS-0230,Singapore,APAC,Fashion,Shoes,238.6,5,27.39,1.35,103.82
ORD-02709,2023-12-22,CUS-0005,France,Europe,Fashion,Shirt,109.88,2,27.78,46.23,2.21
ORD-02710,2025-01-20,CUS-0296,United Kingdom,Europe,Electronics,Laptop,901.28,2,-36.44,55.38,-3.44
ORD-02711,2023-01-11,CUS-0047,Japan,APAC,Fashion,Bag,131.4,2,38.29,36.2,138.25
ORD-02712,2023-10-10,CUS-0156,Germany,Europe,Electronics,Laptop,2745.4,5,778.67,51.17,10.45
ORD-02713,2024-10-30,CUS-0072,Vietnam,APAC,Groceries,Beverage,38.67,3,13.41,14.06,108.28
ORD-02714,2023-09-23,CUS-0258,Mexico,LATAM,Fashion,Shirt,169.84,4,12.8,23.63,-102.55
ORD-02715,2023-10-08,CUS-0321,France,Europe,Fashion,Bag,253.02,3,-7.67,46.23,2.21
ORD-02716,2025-02-02,CUS-0225,Vietnam,APAC,Electronics,Camera,2750.6,4,465.02,14.06,108.28
ORD-02717,2023-06-17,CUS-0081,India,APAC,Home & Furniture,Table,399.94,2,-11.4,20.59,78.96
ORD-02718,2023-04-12,CUS-0178,Mexico,LATAM,Fashion,Accessories,135.75,3,18.09,23.63,-102.55
ORD-02719,2023-05-09,CUS-0180,Canada,North America,Home & Furniture,Chair,160.6,2,14.05,56.13,-106.35
ORD-02720,2024-01-14,CUS-0358,South Africa,Africa,Groceries,Beverage,69.9,5,16.82,-30.56,22.94
ORD-02721,2023-06-17,CUS-0085,Brazil,LATAM,Electronics,Phone,3344.7,5,438.27,-14.24,-51.93
ORD-02722,2023-05-27,CUS-0215,Japan,APAC,Fashion,Shirt,146.1,3,-7.87,36.2,138.25
ORD-02723,2024-08-29,CUS-0140,France,Europe,Groceries,Fresh Produce,23.64,1,4.92,46.23,2.21
ORD-02724,2023-07-31,CUS-0161,South Africa,Africa,Electronics,Camera,1814.19,3,-166.7,-30.56,22.94
ORD-02725,2025-01-03,CUS-0296,United Kingdom,Europe,Home & Furniture,Lamp,731.61,3,169.45,55.38,-3.44
ORD-02726,2023-04-28,CUS-0254,India,APAC,Groceries,Dairy,13.6,2,-0.07,20.59,78.96
ORD-02727,2024-06-11,CUS-0362,Germany,Europe,Home & Furniture,Lamp,156.69,3,-11.93,51.17,10.45
ORD-02728,2023-12-03,CUS-0112,United Kingdom,Europe,Electronics,Laptop,1705.36,4,-14.34,55.38,-3.44
ORD-02729,2023-09-06,CUS-0155,Germany,Europe,Electronics,Laptop,1443.33,3,269.94,51.17,10.45
ORD-02730,2024-01-18,CUS-0102,South Africa,Africa,Fashion,Shirt,78.66,3,1.85,-30.56,22.94
ORD-02731,2025-10-07,CUS-0098,United States,North America,Electronics,Headphone,2568.25,5,-44.75,37.09,-95.71
ORD-02732,2023-12-21,CUS-0387,Nigeria,Africa,Electronics,Laptop,563.44,2,67.22,9.08,8.68
ORD-02733,2023-04-10,CUS-0230,Singapore,APAC,Fashion,Bag,120.96,2,-12.03,1.35,103.82
ORD-02734,2023-02-06,CUS-0128,Germany,Europe,Electronics,Laptop,1530.12,3,356.29,51.17,10.45
ORD-02735,2023-05-25,CUS-0370,Mexico,LATAM,Home & Furniture,Storage,139.95,3,4.52,23.63,-102.55
ORD-02736,2025-01-18,CUS-0324,Vietnam,APAC,Fashion,Bag,404.35,5,85.18,14.06,108.28
ORD-02737,2024-05-05,CUS-0050,Germany,Europe,Home & Furniture,Lamp,309.1,2,-9.17,51.17,10.45
ORD-02738,2023-12-23,CUS-0209,Canada,North America,Groceries,Snacks,102.36,4,16.17,56.13,-106.35
ORD-02739,2023-01-30,CUS-0253,Germany,Europe,Fashion,Shoes,57.1,1,-3.55,51.17,10.45
ORD-02740,2023-06-28,CUS-0054,Singapore,APAC,Home & Furniture,Storage,113.1,1,25.85,1.35,103.82
ORD-02741,2024-09-03,CUS-0145,Canada,North America,Home & Furniture,Storage,562.32,4,-38.39,56.13,-106.35
ORD-02742,2024-08-24,CUS-0266,Canada,North America,Electronics,Camera,2349.6,4,-116.23,56.13,-106.35
ORD-02743,2024-07-09,CUS-0348,India,APAC,Fashion,Shirt,66.96,1,-3.28,20.59,78.96
ORD-02744,2024-07-01,CUS-0100,Brazil,LATAM,Electronics,Headphone,790.9,5,259.24,-14.24,-51.93
ORD-02745,2024-05-21,CUS-0090,France,Europe,Fashion,Shirt,63.9,3,18.39,46.23,2.21
ORD-02746,2023-02-15,CUS-0105,Nigeria,Africa,Electronics,Camera,2418.88,4,583.76,9.08,8.68
ORD-02747,2023-06-11,CUS-0103,South Africa,Africa,Fashion,Shoes,193.32,4,-13.81,-30.56,22.94
ORD-02748,2024-04-03,CUS-0055,India,APAC,Fashion,Accessories,150.24,2,22.7,20.59,78.96
ORD-02749,2025-06-25,CUS-0100,Brazil,LATAM,Electronics,Camera,2208.2,4,322.31,-14.24,-51.93
ORD-02750,2023-08-05,CUS-0228,South Africa,Africa,Electronics,Phone,915.09,3,98.46,-30.56,22.94
ORD-02751,2025-07-27,CUS-0227,India,APAC,Fashion,Accessories,57.2,1,20.02,20.59,78.96
ORD-02752,2025-05-17,CUS-0323,France,Europe,Fashion,Shoes,141.16,4,27.69,46.23,2.21
ORD-02753,2023-04-27,CUS-0299,Brazil,LATAM,Fashion,Shirt,271.64,4,-1.56,-14.24,-51.93
ORD-02754,2025-02-11,CUS-0186,United States,North America,Groceries,Snacks,72.68,4,-4.77,37.09,-95.71
ORD-02755,2025-06-04,CUS-0075,France,Europe,Home & Furniture,Storage,392.25,3,102.34,46.23,2.21
ORD-02756,2024-05-10,CUS-0239,Singapore,APAC,Home & Furniture,Storage,905.05,5,-35.84,1.35,103.82
ORD-02757,2024-09-06,CUS-0055,India,APAC,Electronics,Phone,2296.48,4,637.25,20.59,78.96
ORD-02758,2024-02-04,CUS-0252,Canada,North America,Fashion,Accessories,42.18,1,7.36,56.13,-106.35
ORD-02759,2024-03-30,CUS-0400,Vietnam,APAC,Fashion,Shoes,119.71,1,-3.78,14.06,108.28
ORD-02760,2023-10-30,CUS-0210,France,Europe,Electronics,Camera,2000.45,5,399.0,46.23,2.21
ORD-02761,2024-03-13,CUS-0280,Brazil,LATAM,Fashion,Accessories,401.5,5,-12.27,-14.24,-51.93
ORD-02762,2024-02-25,CUS-0296,United Kingdom,Europe,Fashion,Accessories,101.14,2,17.37,55.38,-3.44
ORD-02763,2025-02-04,CUS-0024,South Africa,Africa,Fashion,Bag,77.46,3,25.43,-30.56,22.94
ORD-02764,2025-01-01,CUS-0153,United States,North America,Groceries,Snacks,15.0,3,3.91,37.09,-95.71
ORD-02765,2023-01-15,CUS-0399,South Africa,Africa,Electronics,Phone,855.06,3,289.8,-30.56,22.94
ORD-02766,2024-02-10,CUS-0030,South Africa,Africa,Groceries,Dairy,62.4,4,18.85,-30.56,22.94
ORD-02767,2024-08-20,CUS-0018,France,Europe,Groceries,Beverage,38.64,3,13.48,46.23,2.21
ORD-02768,2024-04-20,CUS-0333,India,APAC,Groceries,Fresh Produce,22.6,2,6.9,20.59,78.96
ORD-02769,2023-02-06,CUS-0280,Brazil,LATAM,Fashion,Accessories,91.8,3,31.5,-14.24,-51.93
ORD-02770,2023-07-29,CUS-0092,South Africa,Africa,Groceries,Beverage,49.8,3,3.58,-30.56,22.94
ORD-02771,2024-11-30,CUS-0112,United Kingdom,Europe,Electronics,Phone,1224.68,4,384.33,55.38,-3.44
ORD-02772,2023-05-05,CUS-0177,Germany,Europe,Electronics,Laptop,25.0,5,4.35,51.17,10.45
ORD-02773,2025-11-05,CUS-0193,Mexico,LATAM,Electronics,Headphone,76.74,1,-4.92,23.63,-102.55
ORD-02774,2023-10-17,CUS-0214,Vietnam,APAC,Groceries,Dairy,10.0,2,1.96,14.06,108.28
ORD-02775,2023-04-15,CUS-0012,Mexico,LATAM,Fashion,Bag,528.4,5,129.38,23.63,-102.55
ORD-02776,2024-11-05,CUS-0103,South Africa,Africa,Fashion,Shirt,154.95,3,-1.59,-30.56,22.94
ORD-02777,2023-03-16,CUS-0076,India,APAC,Electronics,Camera,3234.55,5,456.1,20.59,78.96
ORD-02778,2024-03-30,CUS-0332,France,Europe,Electronics,Phone,672.2,5,-41.3,46.23,2.21
ORD-02779,2025-04-18,CUS-0380,Japan,APAC,Electronics,Camera,3093.1,5,460.63,36.2,138.25
ORD-02780,2024-05-31,CUS-0105,Nigeria,Africa,Home & Furniture,Lamp,236.34,2,48.61,9.08,8.68
ORD-02781,2023-02-16,CUS-0127,Brazil,LATAM,Fashion,Shoes,145.2,3,-4.87,-14.24,-51.93
ORD-02782,2024-05-23,CUS-0242,Canada,North America,Groceries,Fresh Produce,80.72,4,23.89,56.13,-106.35
ORD-02783,2023-07-09,CUS-0252,Canada,North America,Groceries,Snacks,59.79,3,19.39,56.13,-106.35
ORD-02784,2024-02-26,CUS-0155,Germany,Europe,Fashion,Bag,75.04,2,13.22,51.17,10.45
ORD-02785,2024-03-06,CUS-0306,South Africa,Africa,Electronics,Laptop,532.89,3,31.57,-30.56,22.94
ORD-02786,2024-11-17,CUS-0338,Nigeria,Africa,Groceries,Fresh Produce,31.76,4,2.88,9.08,8.68
ORD-02787,2023-05-27,CUS-0048,United States,North America,Fashion,Shoes,270.6,3,42.53,37.09,-95.71
ORD-02788,2023-07-17,CUS-0110,United Kingdom,Europe,Electronics,Phone,2683.55,5,180.55,55.38,-3.44
ORD-02789,2024-12-12,CUS-0380,Japan,APAC,Groceries,Dairy,61.25,5,10.8,36.2,138.25
ORD-02790,2023-03-14,CUS-0260,Canada,North America,Groceries,Beverage,79.5,5,-3.68,56.13,-106.35
ORD-02791,2024-01-01,CUS-0320,India,APAC,Electronics,Laptop,619.0,4,52.92,20.59,78.96
ORD-02792,2023-01-25,CUS-0266,Canada,North America,Fashion,Bag,52.25,1,-2.39,56.13,-106.35
ORD-02793,2024-02-12,CUS-0088,Brazil,LATAM,Home & Furniture,Storage,273.08,4,-5.7,-14.24,-51.93
ORD-02794,2024-12-15,CUS-0355,Japan,APAC,Home & Furniture,Chair,711.1,5,171.75,36.2,138.25
ORD-02795,2024-01-26,CUS-0121,France,Europe,Fashion,Accessories,87.56,2,4.87,46.23,2.21
ORD-02796,2023-12-19,CUS-0061,Brazil,LATAM,Fashion,Shirt,533.15,5,46.41,-14.24,-51.93
ORD-02797,2024-09-04,CUS-0285,India,APAC,Electronics,Laptop,820.5,3,2.34,20.59,78.96
ORD-02798,2023-06-27,CUS-0369,France,Europe,Electronics,Camera,709.53,3,186.39,46.23,2.21
ORD-02799,2023-11-04,CUS-0325,France,Europe,Home & Furniture,Storage,258.94,2,83.28,46.23,2.21
ORD-02800,2023-11-29,CUS-0087,Singapore,APAC,Groceries,Dairy,56.42,2,5.65,1.35,103.82
ORD-02801,2023-08-14,CUS-0252,Canada,North America,Home & Furniture,Chair,457.47,3,12.28,56.13,-106.35
ORD-02802,2023-12-11,CUS-0300,Japan,APAC,Fashion,Bag,81.9,3,22.2,36.2,138.25
ORD-02803,2024-08-12,CUS-0018,France,Europe,Fashion,Accessories,259.32,4,23.71,46.23,2.21
ORD-02804,2025-03-05,CUS-0139,Germany,Europe,Groceries,Fresh Produce,20.0,4,-0.88,51.17,10.45
ORD-02805,2025-01-18,CUS-0313,Mexico,LATAM,Home & Furniture,Lamp,146.15,5,3.42,23.63,-102.55
ORD-02806,2023-07-10,CUS-0280,Brazil,LATAM,Home & Furniture,Table,734.73,3,144.9,-14.24,-51.93
ORD-02807,2024-01-04,CUS-0148,Vietnam,APAC,Groceries,Dairy,15.96,1,3.02,14.06,108.28
ORD-02808,2023-06-27,CUS-0084,Singapore,APAC,Groceries,Beverage,56.73,3,-1.95,1.35,103.82
ORD-02809,2023-10-12,CUS-0276,South Africa,Africa,Groceries,Dairy,54.28,4,3.31,-30.56,22.94
ORD-02810,2023-02-03,CUS-0030,South Africa,Africa,Home & Furniture,Chair,483.2,4,127.64,-30.56,22.94
ORD-02811,2023-05-19,CUS-0355,Japan,APAC,Fashion,Bag,51.66,1,4.25,36.2,138.25
ORD-02812,2025-05-12,CUS-0215,Japan,APAC,Electronics,Camera,310.22,1,80.71,36.2,138.25
ORD-02813,2024-04-14,CUS-0089,India,APAC,Electronics,Camera,1782.7,5,-130.39,20.59,78.96
ORD-02814,2024-03-10,CUS-0400,Vietnam,APAC,Electronics,Laptop,328.13,1,11.48,14.06,108.28
ORD-02815,2024-03-11,CUS-0152,Vietnam,APAC,Home & Furniture,Table,203.61,1,-10.05,14.06,108.28
ORD-02816,2024-04-18,CUS-0230,Singapore,APAC,Fashion,Shirt,49.71,1,11.58,1.35,103.82
ORD-02817,2024-06-27,CUS-0300,Japan,APAC,Home & Furniture,Lamp,834.12,4,74.95,36.2,138.25
ORD-02818,2023-04-14,CUS-0066,South Africa,Africa,Home & Furniture,Table,112.02,1,31.29,-30.56,22.94
ORD-02819,2024-09-26,CUS-0244,United States,North America,Groceries,Dairy,68.0,5,14.94,37.09,-95.71
ORD-02820,2023-01-14,CUS-0379,Nigeria,Africa,Home & Furniture,Table,873.2,5,280.83,9.08,8.68
ORD-02821,2025-10-19,CUS-0153,United States,North America,Fashion,Bag,45.34,1,1.02,37.09,-95.71
ORD-02822,2024-01-02,CUS-0016,India,APAC,Groceries,Beverage,20.0,4,5.77,20.59,78.96
ORD-02823,2024-06-12,CUS-0120,Vietnam,APAC,Groceries,Beverage,11.5,2,3.57,14.06,108.28
ORD-02824,2024-03-11,CUS-0222,United Kingdom,Europe,Fashion,Accessories,49.34,1,8.52,55.38,-3.44
ORD-02825,2023-07-14,CUS-0186,United States,North America,Groceries,Snacks,73.83,3,7.31,37.09,-95.71
ORD-02826,2024-12-20,CUS-0358,South Africa,Africa,Fashion,Shirt,198.33,3,37.96,-30.56,22.94
ORD-02827,2023-08-26,CUS-0134,France,Europe,Fashion,Accessories,313.62,3,60.87,46.23,2.21
ORD-02828,2023-06-30,CUS-0391,South Africa,Africa,Groceries,Dairy,64.35,5,-3.62,-30.56,22.94
ORD-02829,2023-04-05,CUS-0121,France,Europe,Groceries,Snacks,63.93,3,0.18,46.23,2.21
ORD-02830,2025-03-25,CUS-0297,Singapore,APAC,Home & Furniture,Lamp,209.78,1,44.65,1.35,103.82
ORD-02831,2024-01-18,CUS-0222,United Kingdom,Europe,Groceries,Fresh Produce,42.72,3,13.22,55.38,-3.44
ORD-02832,2025-07-28,CUS-0023,France,Europe,Home & Furniture,Lamp,385.32,3,22.02,46.23,2.21
ORD-02833,2024-10-23,CUS-0347,Vietnam,APAC,Fashion,Shoes,98.32,4,4.93,14.06,108.28
ORD-02834,2023-02-08,CUS-0285,India,APAC,Home & Furniture,Chair,295.04,4,74.37,20.59,78.96
ORD-02835,2024-07-13,CUS-0187,Canada,North America,Groceries,Fresh Produce,36.68,2,3.84,56.13,-106.35
ORD-02836,2024-09-18,CUS-0359,Mexico,LATAM,Home & Furniture,Lamp,590.04,4,111.34,23.63,-102.55
ORD-02837,2024-08-15,CUS-0109,Vietnam,APAC,Electronics,Headphone,456.28,1,97.14,14.06,108.28
ORD-02838,2023-05-28,CUS-0014,France,Europe,Home & Furniture,Table,1152.6,5,312.2,46.23,2.21
ORD-02839,2023-02-19,CUS-0118,Mexico,LATAM,Fashion,Shoes,24.96,1,-0.79,23.63,-102.55
ORD-02840,2024-09-09,CUS-0078,Canada,North America,Electronics,Camera,711.03,3,83.92,56.13,-106.35
ORD-02841,2023-06-04,CUS-0394,France,Europe,Groceries,Beverage,9.56,1,-0.38,46.23,2.21
ORD-02842,2024-11-16,CUS-0240,Singapore,APAC,Fashion,Accessories,479.05,5,135.59,1.35,103.82
ORD-02843,2024-12-27,CUS-0383,Vietnam,APAC,Groceries,Snacks,74.2,5,8.52,14.06,108.28
ORD-02844,2024-06-20,CUS-0203,United Kingdom,Europe,Groceries,Dairy,65.34,3,2.97,55.38,-3.44
ORD-02845,2024-06-15,CUS-0047,Japan,APAC,Electronics,Headphone,561.54,3,72.12,36.2,138.25
ORD-02846,2025-04-16,CUS-0039,Brazil,LATAM,Groceries,Fresh Produce,97.9,5,0.79,-14.24,-51.93
ORD-02847,2023-03-11,CUS-0381,India,APAC,Fashion,Bag,81.36,3,28.19,20.59,78.96
ORD-02848,2023-12-08,CUS-0167,Nigeria,Africa,Home & Furniture,Chair,655.92,4,23.06,9.08,8.68
ORD-02849,2023-12-13,CUS-0089,India,APAC,Fashion,Shoes,199.2,4,31.66,20.59,78.96
ORD-02850,2023-03-10,CUS-0221,France,Europe,Home & Furniture,Table,769.05,3,38.27,46.23,2.21
ORD-02851,2023-12-17,CUS-0136,Singapore,APAC,Home & Furniture,Table,822.16,4,64.86,1.35,103.82
ORD-02852,2024-01-27,CUS-0329,France,Europe,Fashion,Accessories,304.41,3,18.77,46.23,2.21
ORD-02853,2024-05-06,CUS-0342,Canada,North America,Fashion,Bag,194.12,4,44.12,56.13,-106.35
ORD-02854,2023-02-27,CUS-0296,United Kingdom,Europe,Home & Furniture,Table,938.65,5,327.24,55.38,-3.44
ORD-02855,2023-11-30,CUS-0166,India,APAC,Home & Furniture,Chair,552.8,5,-27.41,20.59,78.96
ORD-02856,2023-02-13,CUS-0204,India,APAC,Groceries,Dairy,56.94,3,17.95,20.59,78.96
ORD-02857,2023-05-07,CUS-0297,Singapore,APAC,Groceries,Fresh Produce,15.0,3,2.47,1.35,103.82
ORD-02858,2024-10-07,CUS-0335,United Kingdom,Europe,Home & Furniture,Table,164.23,1,2.83,55.38,-3.44
ORD-02859,2023-03-31,CUS-0139,Germany,Europe,Home & Furniture,Chair,154.55,1,16.76,51.17,10.45
ORD-02860,2024-05-30,CUS-0152,Vietnam,APAC,Groceries,Fresh Produce,17.52,1,3.97,14.06,108.28
ORD-02861,2023-04-16,CUS-0278,India,APAC,Electronics,Phone,303.38,1,79.85,20.59,78.96
ORD-02862,2024-07-04,CUS-0098,United States,North America,Groceries,Beverage,51.0,4,6.88,37.09,-95.71
ORD-02863,2024-03-20,CUS-0244,United States,North America,Groceries,Dairy,16.16,2,0.18,37.09,-95.71
ORD-02864,2024-01-21,CUS-0280,Brazil,LATAM,Groceries,Snacks,97.7,5,0.23,-14.24,-51.93
ORD-02865,2024-02-18,CUS-0181,South Africa,Africa,Electronics,Phone,2595.5,5,-172.13,-30.56,22.94
ORD-02866,2024-02-10,CUS-0072,Vietnam,APAC,Home & Furniture,Lamp,462.4,2,-20.37,14.06,108.28
ORD-02867,2024-01-05,CUS-0053,Germany,Europe,Fashion,Shoes,86.24,1,26.66,51.17,10.45
ORD-02868,2024-11-24,CUS-0333,India,APAC,Fashion,Bag,79.44,1,3.61,20.59,78.96
ORD-02869,2023-03-14,CUS-0091,Germany,Europe,Groceries,Snacks,29.19,3,0.21,51.17,10.45
ORD-02870,2024-09-18,CUS-0135,South Africa,Africa,Electronics,Laptop,697.68,4,17.42,-30.56,22.94
ORD-02871,2023-11-29,CUS-0046,United Kingdom,Europe,Electronics,Phone,278.26,1,-13.08,55.38,-3.44
ORD-02872,2023-04-17,CUS-0342,Canada,North America,Groceries,Fresh Produce,38.4,3,4.72,56.13,-106.35
ORD-02873,2025-08-28,CUS-0337,United Kingdom,Europe,Groceries,Beverage,35.14,2,10.95,55.38,-3.44
ORD-02874,2023-08-10,CUS-0217,South Africa,Africa,Home & Furniture,Storage,510.96,4,-47.59,-30.56,22.94
ORD-02875,2023-09-15,CUS-0166,India,APAC,Electronics,Phone,1015.44,3,47.46,20.59,78.96
ORD-02876,2023-10-29,CUS-0158,United Kingdom,Europe,Home & Furniture,Storage,295.22,2,33.6,55.38,-3.44
ORD-02877,2024-10-12,CUS-0269,United Kingdom,Europe,Groceries,Dairy,20.26,2,3.97,55.38,-3.44
ORD-02878,2023-11-14,CUS-0207,Japan,APAC,Fashion,Bag,356.8,4,35.61,36.2,138.25
ORD-02879,2024-12-23,CUS-0056,United Kingdom,Europe,Home & Furniture,Table,486.06,3,29.5,55.38,-3.44
ORD-02880,2024-03-10,CUS-0339,Singapore,APAC,Home & Furniture,Lamp,204.2,2,15.64,1.35,103.82
ORD-02881,2025-03-21,CUS-0285,India,APAC,Electronics,Phone,212.33,1,59.73,20.59,78.96
ORD-02882,2025-02-16,CUS-0390,Japan,APAC,Electronics,Camera,1151.61,3,93.15,36.2,138.25
ORD-02883,2025-04-09,CUS-0062,United States,North America,Groceries,Fresh Produce,92.0,5,-8.8,37.09,-95.71
ORD-02884,2025-03-24,CUS-0072,Vietnam,APAC,Fashion,Shirt,319.76,4,80.88,14.06,108.28
ORD-02885,2024-09-18,CUS-0030,South Africa,Africa,Home & Furniture,Chair,353.01,3,95.46,-30.56,22.94
ORD-02886,2023-09-21,CUS-0366,Nigeria,Africa,Fashion,Bag,65.62,1,6.49,9.08,8.68
ORD-02887,2023-01-18,CUS-0275,India,APAC,Electronics,Laptop,809.15,5,-43.61,20.59,78.96
ORD-02888,2024-02-24,CUS-0161,South Africa,Africa,Home & Furniture,Chair,581.58,3,140.54,-30.56,22.94
ORD-02889,2023-04-17,CUS-0281,Japan,APAC,Groceries,Fresh Produce,22.23,3,4.62,36.2,138.25
ORD-02890,2024-09-20,CUS-0288,France,Europe,Electronics,Phone,651.14,1,15.59,46.23,2.21
ORD-02891,2023-01-30,CUS-0310,South Africa,Africa,Fashion,Bag,199.1,5,9.43,-30.56,22.94
ORD-02892,2023-11-12,CUS-0024,South Africa,Africa,Electronics,Headphone,507.52,1,173.68,-30.56,22.94
ORD-02893,2024-11-13,CUS-0203,United Kingdom,Europe,Home & Furniture,Lamp,838.45,5,-23.01,55.38,-3.44
ORD-02894,2025-02-24,CUS-0326,India,APAC,Groceries,Dairy,32.82,3,5.36,20.59,78.96
ORD-02895,2024-02-18,CUS-0066,South Africa,Africa,Home & Furniture,Table,292.52,2,89.5,-30.56,22.94
ORD-02896,2024-06-28,CUS-0030,South Africa,Africa,Home & Furniture,Storage,653.32,4,-18.54,-30.56,22.94
ORD-02897,2024-05-07,CUS-0184,Nigeria,Africa,Electronics,Laptop,492.03,1,62.17,9.08,8.68
ORD-02898,2023-12-07,CUS-0019,Japan,APAC,Home & Furniture,Storage,682.25,5,211.16,36.2,138.25
ORD-02899,2025-01-22,CUS-0056,United Kingdom,Europe,Groceries,Dairy,69.05,5,22.31,55.38,-3.44
ORD-02900,2025-06-07,CUS-0149,Japan,APAC,Electronics,Laptop,1795.35,5,520.07,36.2,138.25
ORD-02901,2025-02-02,CUS-0201,United Kingdom,Europe,Groceries,Snacks,71.0,4,2.27,55.38,-3.44
ORD-02902,2023-07-30,CUS-0019,Japan,APAC,Fashion,Accessories,226.04,4,0.48,36.2,138.25
ORD-02903,2024-03-12,CUS-0320,India,APAC,Electronics,Laptop,709.02,2,213.26,20.59,78.96
ORD-02904,2024-10-03,CUS-0104,South Africa,Africa,Groceries,Snacks,7.78,1,2.2,-30.56,22.94
ORD-02905,2024-01-31,CUS-0044,Germany,Europe,Fashion,Bag,223.48,4,39.53,51.17,10.45
ORD-02906,2024-11-22,CUS-0374,Vietnam,APAC,Electronics,Camera,2818.8,5,731.92,14.06,108.28
ORD-02907,2024-09-11,CUS-0222,United Kingdom,Europe,Groceries,Dairy,39.63,3,10.75,55.38,-3.44
ORD-02908,2025-02-03,CUS-0206,United Kingdom,Europe,Home & Furniture,Table,310.12,4,25.29,55.38,-3.44
ORD-02909,2023-09-18,CUS-0021,United States,North America,Groceries,Beverage,17.78,1,6.22,37.09,-95.71
ORD-02910,2023-02-13,CUS-0107,Nigeria,Africa,Electronics,Laptop,3049.6,5,69.88,9.08,8.68
ORD-02911,2025-06-01,CUS-0306,South Africa,Africa,Fashion,Bag,302.45,5,9.09,-30.56,22.94
ORD-02912,2023-10-22,CUS-0283,India,APAC,Home & Furniture,Lamp,514.68,3,89.62,20.59,78.96
ORD-02913,2023-07-05,CUS-0279,Japan,APAC,Groceries,Dairy,29.43,3,-2.7,36.2,138.25
ORD-02914,2023-02-01,CUS-0204,India,APAC,Groceries,Snacks,38.38,2,1.54,20.59,78.96
ORD-02915,2024-09-19,CUS-0215,Japan,APAC,Groceries,Snacks,10.5,1,-0.26,36.2,138.25
ORD-02916,2023-04-03,CUS-0075,France,Europe,Fashion,Shirt,185.28,3,50.67,46.23,2.21
ORD-02917,2023-05-22,CUS-0184,Nigeria,Africa,Electronics,Phone,574.0,1,187.12,9.08,8.68
ORD-02918,2023-07-26,CUS-0130,United Kingdom,Europe,Home & Furniture,Lamp,117.73,1,-9.46,55.38,-3.44
ORD-02919,2025-04-24,CUS-0100,Brazil,LATAM,Electronics,Laptop,322.93,1,107.37,-14.24,-51.93
ORD-02920,2024-10-14,CUS-0312,United States,North America,Home & Furniture,Chair,637.59,3,164.51,37.09,-95.71
ORD-02921,2023-07-13,CUS-0052,United Kingdom,Europe,Electronics,Camera,595.21,1,149.02,55.38,-3.44
ORD-02922,2023-12-15,CUS-0094,France,Europe,Home & Furniture,Storage,736.35,5,-14.33,46.23,2.21
ORD-02923,2025-01-30,CUS-0283,India,APAC,Home & Furniture,Storage,346.6,2,100.65,20.59,78.96
ORD-02924,2023-12-18,CUS-0137,Vietnam,APAC,Home & Furniture,Chair,1061.95,5,350.46,14.06,108.28
ORD-02925,2025-06-23,CUS-0126,United States,North America,Electronics,Phone,2568.4,5,541.43,37.09,-95.71
ORD-02926,2025-02-04,CUS-0079,Canada,North America,Electronics,Headphone,1475.24,2,-132.92,56.13,-106.35
ORD-02927,2023-10-02,CUS-0103,South Africa,Africa,Groceries,Snacks,18.92,1,-1.44,-30.56,22.94
ORD-02928,2025-03-20,CUS-0372,Singapore,APAC,Fashion,Shirt,74.79,1,-3.87,1.35,103.82
ORD-02929,2023-10-23,CUS-0367,Japan,APAC,Groceries,Fresh Produce,72.3,5,-0.78,36.2,138.25
ORD-02930,2023-08-10,CUS-0095,United States,North America,Electronics,Phone,1455.95,5,152.5,37.09,-95.71
ORD-02931,2024-08-30,CUS-0320,India,APAC,Fashion,Bag,168.3,3,37.34,20.59,78.96
ORD-02932,2025-09-10,CUS-0026,Singapore,APAC,Home & Furniture,Chair,362.72,2,24.03,1.35,103.82
ORD-02933,2023-10-16,CUS-0015,United States,North America,Electronics,Laptop,1353.75,3,196.86,37.09,-95.71
ORD-02934,2023-01-12,CUS-0231,Japan,APAC,Electronics,Headphone,328.28,1,78.97,36.2,138.25
ORD-02935,2024-03-02,CUS-0046,United Kingdom,Europe,Home & Furniture,Storage,329.72,2,79.15,55.38,-3.44
ORD-02936,2024-11-15,CUS-0242,Canada,North America,Electronics,Headphone,285.49,1,94.45,56.13,-106.35
ORD-02937,2023-02-24,CUS-0054,Singapore,APAC,Groceries,Snacks,36.68,2,-2.83,1.35,103.82
ORD-02938,2024-07-31,CUS-0293,Mexico,LATAM,Electronics,Headphone,1405.96,4,172.51,23.63,-102.55
ORD-02939,2024-05-28,CUS-0351,India,APAC,Home & Furniture,Table,518.34,3,60.06,20.59,78.96
ORD-02940,2024-03-03,CUS-0221,France,Europe,Fashion,Accessories,205.68,4,42.31,46.23,2.21
ORD-02941,2024-01-24,CUS-0288,France,Europe,Fashion,Shirt,95.24,2,11.76,46.23,2.21
ORD-02942,2025-02-01,CUS-0055,India,APAC,Home & Furniture,Table,133.94,2,12.68,20.59,78.96
ORD-02943,2023-03-22,CUS-0383,Vietnam,APAC,Fashion,Shoes,141.96,2,-10.43,14.06,108.28
ORD-02944,2024-06-28,CUS-0368,Canada,North America,Home & Furniture,Storage,1115.64,4,130.06,56.13,-106.35
ORD-02945,2024-04-12,CUS-0108,Nigeria,Africa,Fashion,Accessories,345.4,5,91.47,9.08,8.68
ORD-02946,2024-01-17,CUS-0004,Mexico,LATAM,Electronics,Headphone,594.2,1,163.71,23.63,-102.55
ORD-02947,2023-05-29,CUS-0380,Japan,APAC,Home & Furniture,Table,733.32,3,144.52,36.2,138.25
ORD-02948,2024-09-16,CUS-0151,Japan,APAC,Electronics,Headphone,1643.56,4,214.33,36.2,138.25
ORD-02949,2025-05-11,CUS-0078,Canada,North America,Home & Furniture,Table,825.0,4,148.65,56.13,-106.35
ORD-02950,2024-09-08,CUS-0269,United Kingdom,Europe,Groceries,Dairy,49.38,2,0.1,55.38,-3.44
ORD-02951,2023-09-25,CUS-0295,United Kingdom,Europe,Home & Furniture,Table,274.44,2,11.56,55.38,-3.44
ORD-02952,2023-05-30,CUS-0202,Mexico,LATAM,Fashion,Shirt,306.3,5,63.2,23.63,-102.55
ORD-02953,2024-07-03,CUS-0363,Canada,North America,Home & Furniture,Chair,303.66,3,90.05,56.13,-106.35
ORD-02954,2025-07-25,CUS-0160,Brazil,LATAM,Groceries,Fresh Produce,62.2,5,5.48,-14.24,-51.93
ORD-02955,2025-03-03,CUS-0203,United Kingdom,Europe,Home & Furniture,Chair,589.65,3,50.51,55.38,-3.44
ORD-02956,2023-03-10,CUS-0363,Canada,North America,Groceries,Snacks,104.35,5,25.59,56.13,-106.35
ORD-02957,2024-12-30,CUS-0348,India,APAC,Electronics,Laptop,1408.6,5,404.44,20.59,78.96
ORD-02958,2024-09-10,CUS-0349,Vietnam,APAC,Fashion,Accessories,256.28,4,-0.03,14.06,108.28
ORD-02959,2024-06-11,CUS-0290,Singapore,APAC,Groceries,Beverage,35.98,2,0.03,1.35,103.82
ORD-02960,2023-05-28,CUS-0044,Germany,Europe,Groceries,Dairy,59.05,5,7.99,51.17,10.45
ORD-02961,2023-03-21,CUS-0274,Japan,APAC,Fashion,Accessories,168.0,5,29.6,36.2,138.25
ORD-02962,2023-08-24,CUS-0366,Nigeria,Africa,Fashion,Accessories,200.0,2,-1.7,9.08,8.68
ORD-02963,2023-08-20,CUS-0193,Mexico,LATAM,Electronics,Laptop,1496.58,3,-139.32,23.63,-102.55
ORD-02964,2023-10-19,CUS-0282,Japan,APAC,Fashion,Shoes,460.0,5,-8.66,36.2,138.25
ORD-02965,2024-11-21,CUS-0029,Vietnam,APAC,Groceries,Snacks,37.46,2,12.35,14.06,108.28
ORD-02966,2025-05-27,CUS-0221,France,Europe,Home & Furniture,Table,541.65,3,177.55,46.23,2.21
ORD-02967,2023-06-06,CUS-0357,Vietnam,APAC,Groceries,Snacks,34.6,5,-3.27,14.06,108.28
ORD-02968,2025-06-03,CUS-0236,Vietnam,APAC,Fashion,Shirt,358.3,5,18.39,14.06,108.28
ORD-02969,2024-04-07,CUS-0224,Vietnam,APAC,Electronics,Phone,487.68,1,-5.95,14.06,108.28
ORD-02970,2024-12-30,CUS-0146,Mexico,LATAM,Electronics,Camera,1646.16,3,26.19,23.63,-102.55
ORD-02971,2023-08-30,CUS-0162,Nigeria,Africa,Electronics,Laptop,974.84,4,310.64,9.08,8.68
ORD-02972,2023-07-05,CUS-0121,France,Europe,Home & Furniture,Storage,1210.9,5,19.4,46.23,2.21
ORD-02973,2023-04-11,CUS-0291,France,Europe,Electronics,Camera,520.85,5,127.13,46.23,2.21
ORD-02974,2024-06-11,CUS-0214,Vietnam,APAC,Electronics,Laptop,409.29,1,3.04,14.06,108.28
ORD-02975,2025-09-18,CUS-0179,Japan,APAC,Fashion,Bag,140.73,3,12.27,36.2,138.25
ORD-02976,2024-04-28,CUS-0111,Germany,Europe,Electronics,Laptop,1318.83,3,142.17,51.17,10.45
ORD-02977,2023-04-28,CUS-0054,Singapore,APAC,Home & Furniture,Chair,645.57,3,137.68,1.35,103.82
ORD-02978,2024-05-01,CUS-0183,Brazil,LATAM,Groceries,Fresh Produce,24.34,1,6.87,-14.24,-51.93
ORD-02979,2024-05-14,CUS-0194,Brazil,LATAM,Electronics,Camera,1391.73,3,458.01,-14.24,-51.93
ORD-02980,2024-10-02,CUS-0120,Vietnam,APAC,Electronics,Laptop,2403.0,5,176.27,14.06,108.28
ORD-02981,2024-04-27,CUS-0320,India,APAC,Groceries,Snacks,46.88,4,12.46,20.59,78.96
ORD-02982,2024-11-10,CUS-0269,United Kingdom,Europe,Groceries,Beverage,42.44,2,-3.59,55.38,-3.44
ORD-02983,2024-07-20,CUS-0168,India,APAC,Groceries,Dairy,50.64,4,-0.82,20.59,78.96
ORD-02984,2023-07-28,CUS-0320,India,APAC,Fashion,Shoes,172.76,2,18.27,20.59,78.96
ORD-02985,2023-05-28,CUS-0097,Singapore,APAC,Groceries,Fresh Produce,20.0,4,5.29,1.35,103.82
ORD-02986,2025-04-08,CUS-0278,India,APAC,Groceries,Fresh Produce,49.28,4,9.27,20.59,78.96
ORD-02987,2023-04-02,CUS-0110,United Kingdom,Europe,Home & Furniture,Lamp,947.95,5,46.73,55.38,-3.44
ORD-02988,2024-02-10,CUS-0079,Canada,North America,Fashion,Shoes,351.65,5,49.23,56.13,-106.35
ORD-02989,2025-06-01,CUS-0158,United Kingdom,Europe,Electronics,Headphone,1702.8,4,319.94,55.38,-3.44
ORD-02990,2024-01-11,CUS-0220,Canada,North America,Groceries,Beverage,8.66,1,0.48,56.13,-106.35
ORD-02991,2024-04-14,CUS-0391,South Africa,Africa,Groceries,Fresh Produce,52.45,5,3.86,-30.56,22.94
ORD-02992,2023-10-05,CUS-0018,France,Europe,Electronics,Headphone,1551.4,4,504.43,46.23,2.21
ORD-02993,2023-02-16,CUS-0398,Japan,APAC,Fashion,Accessories,149.48,4,-4.26,36.2,138.25
ORD-02994,2024-05-16,CUS-0143,South Africa,Africa,Groceries,Dairy,16.16,2,2.46,-30.56,22.94
ORD-02995,2024-02-14,CUS-0299,Brazil,LATAM,Home & Furniture,Storage,841.6,5,124.0,-14.24,-51.93
ORD-02996,2024-06-09,CUS-0123,Japan,APAC,Groceries,Snacks,61.47,3,17.18,36.2,138.25
ORD-02997,2025-04-27,CUS-0145,Canada,North America,Home & Furniture,Table,656.68,4,52.2,56.13,-106.35
ORD-02998,2023-10-09,CUS-0173,Mexico,LATAM,Home & Furniture,Table,442.8,2,-36.65,23.63,-102.55
ORD-02999,2023-11-26,CUS-0012,Mexico,LATAM,Groceries,Fresh Produce,24.22,1,0.57,23.63,-102.55
ORD-03000,2025-04-22,CUS-0202,Mexico,LATAM,Groceries,Beverage,30.72,4,6.03,23.63,-102.55
